formatname,minutes,playPTS,playAST,playTO,playSTL,playBLK,playPF,playFGA,playFGM,play3PA,play3PM,playFTA,playFTM,playORB,playDRB,playTRB,possOnCourt,possUsed,games
AJHammons,0.0,0.0,0.0,0.0,0.0,0.0,0.0,0.0,0.0,0.0,0.0,0.0,0.0,0.0,0.0,0.0,0.0,0.0,0
AaronBrooks,189.43333332600005,75.0,20.0,11.0,6.0,0.0,28.0,69.0,28.0,31.0,11.0,11.0,8.0,7.0,10.0,17.0,381.2945881105224,76.81599492208514,32
AaronGordon,1908.8499999700002,1022.0,136.0,107.0,58.0,45.0,111.0,866.0,375.0,342.0,115.0,225.0,157.0,88.0,370.0,458.0,4005.6695833732792,971.6877069605398,58
AaronHarrison,233.25,60.0,11.0,3.0,9.0,2.0,27.0,69.0,19.0,43.0,9.0,17.0,13.0,4.0,20.0,24.0,475.68005375130906,71.77695677647768,9
AaronJackson,34.5,8.0,1.0,1.0,0.0,0.0,4.0,9.0,3.0,4.0,1.0,2.0,1.0,2.0,1.0,3.0,65.67721875000001,9.98293725,1
AbdelNader,521.5499999820001,146.0,26.0,34.0,15.0,10.0,45.0,149.0,50.0,65.0,23.0,39.0,23.0,13.0,58.0,71.0,1071.1224940241639,178.62663446404687,48
AdreianPayne,42.550000000000004,21.0,0.0,2.0,2.0,0.0,6.0,10.0,7.0,3.0,2.0,6.0,5.0,2.0,7.0,9.0,86.42868437522387,12.817805659889636,5
AlFarouqAminu,2072.28333333,644.0,84.0,79.0,80.0,39.0,136.0,582.0,230.0,339.0,125.0,80.0,59.0,97.0,427.0,524.0,4260.5907368677645,623.2009433113826,69
AlHorford,2277.08333333,927.0,339.0,131.0,43.0,79.0,138.0,753.0,368.0,226.0,97.0,120.0,94.0,103.0,427.0,530.0,4590.899568739636,855.8262038825554,72
AlJefferson,483.5833333329999,252.0,30.0,21.0,16.0,23.0,66.0,208.0,111.0,3.0,0.0,36.0,30.0,30.0,113.0,143.0,977.4330018732197,222.59858527190175,36
AlanWilliams,70.33333332699999,20.0,8.0,7.0,5.0,1.0,13.0,18.0,7.0,0.0,0.0,9.0,6.0,3.0,19.0,22.0,140.12224186220143,26.218964153069468,5
AlecBurks,1058.6666666760004,494.0,67.0,60.0,38.0,8.0,75.0,414.0,170.0,142.0,47.0,124.0,107.0,19.0,173.0,192.0,2118.3301047069394,485.64705510726776,64
AlecPeters,224.84999999899998,82.0,12.0,4.0,2.0,2.0,13.0,74.0,28.0,58.0,18.0,10.0,8.0,8.0,29.0,37.0,468.09829343694685,73.7485408988735,20
AlexAbrines,1134.2000000100002,353.0,28.0,25.0,38.0,8.0,124.0,291.0,115.0,221.0,84.0,46.0,39.0,26.0,87.0,113.0,2304.7452931455955,296.78785544350006,75
AlexCaruso,561.933333343,134.0,75.0,41.0,24.0,9.0,52.0,116.0,50.0,43.0,13.0,30.0,21.0,15.0,50.0,65.0,1175.3154565846799,154.8876339722723,37
AlexLen,1395.3166666559996,587.0,82.0,78.0,27.0,60.0,158.0,378.0,214.0,3.0,1.0,231.0,158.0,176.0,343.0,519.0,2974.4086693508652,500.47782060631516,69
AlexPoythress,104.11666666600001,26.0,2.0,2.0,3.0,1.0,16.0,26.0,11.0,11.0,4.0,0.0,0.0,7.0,10.0,17.0,207.00944343541317,25.449364510151074,25
AlfonzoMcKinnie,53.433333334,21.0,1.0,3.0,1.0,1.0,8.0,15.0,8.0,9.0,3.0,3.0,2.0,1.0,6.0,7.0,108.93060750130536,18.678862878333536,14
AllenCrabbe,2197.0833333299997,990.0,118.0,77.0,47.0,36.0,168.0,827.0,337.0,532.0,201.0,135.0,115.0,28.0,295.0,323.0,4604.872868738899,867.2634841841754,75
AmileJefferson,0.0,0.0,0.0,0.0,0.0,0.0,0.0,0.0,0.0,0.0,0.0,0.0,0.0,0.0,0.0,0.0,0.0,0.0,0
AmirJohnson,1170.5499999989997,342.0,118.0,56.0,45.0,44.0,192.0,261.0,140.0,32.0,10.0,85.0,52.0,122.0,206.0,328.0,2484.052590932925,315.880627013423,74
AndreDrummond,2624.86666669,1171.0,237.0,203.0,115.0,129.0,250.0,881.0,466.0,11.0,0.0,395.0,239.0,401.0,848.0,1249.0,5353.11485848582,1115.029086452458,78
AndreIguodala,1622.43333336,384.0,211.0,67.0,54.0,38.0,99.0,320.0,148.0,117.0,33.0,87.0,55.0,49.0,196.0,245.0,3378.878459742334,391.0292544165567,64
AndreIngram,64.13333334,24.0,7.0,3.0,3.0,3.0,3.0,17.0,8.0,9.0,5.0,3.0,3.0,1.0,5.0,6.0,141.5071178272558,20.04827370084844,2
AndreRoberson,1036.6999999970003,194.0,46.0,30.0,46.0,35.0,89.0,162.0,87.0,36.0,8.0,38.0,12.0,75.0,110.0,185.0,2082.832286553176,181.8629486634964,39
AndrewBogut,216.39999999399996,36.0,15.0,19.0,4.0,13.0,40.0,25.0,17.0,0.0,0.0,2.0,2.0,26.0,52.0,78.0,456.7161328003992,38.75234189736815,24
AndrewHarrison,1326.283333323,533.0,177.0,81.0,38.0,26.0,138.0,429.0,181.0,142.0,47.0,159.0,124.0,23.0,108.0,131.0,2605.8184109174035,525.4470655845115,56
AndrewWhite,209.099999983,69.0,6.0,8.0,3.0,1.0,12.0,73.0,25.0,49.0,18.0,4.0,1.0,4.0,30.0,34.0,441.74963933911533,74.7070093454127,15
AndrewWiggins,2978.7333333299994,1452.0,160.0,138.0,91.0,52.0,163.0,1300.0,569.0,338.0,112.0,314.0,202.0,81.0,276.0,357.0,6069.735223747138,1405.5882649119083,82
AnteZizic,214.26666667300006,119.0,5.0,11.0,2.0,12.0,30.0,67.0,49.0,0.0,0.0,29.0,21.0,24.0,36.0,60.0,446.2397706357894,82.23765298028758,32
AnthonyBrown,3.733333333,3.0,1.0,0.0,0.0,0.0,0.0,1.0,1.0,1.0,1.0,0.0,0.0,0.0,0.0,0.0,9.167619999181461,1.0359410599075052,1
AnthonyDavis,2727.233333357,2110.0,175.0,162.0,115.0,192.0,159.0,1462.0,780.0,162.0,55.0,598.0,495.0,187.0,647.0,834.0,5812.133449424381,1726.6068343257234,75
AnthonyTolliver,1757.0500000299996,703.0,90.0,57.0,32.0,21.0,144.0,472.0,219.0,365.0,159.0,133.0,106.0,50.0,191.0,241.0,3557.800032245278,533.3284150470946,79
AntonioBlakeney,313.900000013,152.0,20.0,11.0,7.0,1.0,19.0,144.0,53.0,54.0,16.0,39.0,30.0,4.0,29.0,33.0,647.1540281512762,152.1667823292953,19
AntoniusCleveland,122.533333336,23.0,2.0,7.0,7.0,5.0,23.0,21.0,8.0,4.0,3.0,6.0,4.0,3.0,11.0,14.0,255.44071781607886,27.901988540657147,17
AronBaynes,1484.4833333399997,482.0,93.0,80.0,22.0,51.0,200.0,446.0,210.0,21.0,3.0,78.0,59.0,129.0,304.0,433.0,2977.012249079495,501.1911541524645,81
ArronAfflalo,681.5833333340001,179.0,30.0,21.0,4.0,9.0,56.0,162.0,65.0,70.0,27.0,26.0,22.0,4.0,62.0,66.0,1382.381625626691,181.6360702040498,52
AustinRivers,2056.53333337,920.0,242.0,110.0,73.0,16.0,152.0,804.0,341.0,360.0,136.0,159.0,102.0,27.0,118.0,145.0,4199.08782569859,881.7044011527438,61
AveryBradley,1433.0833333600003,656.0,94.0,101.0,51.0,8.0,92.0,625.0,259.0,203.0,75.0,82.0,63.0,22.0,94.0,116.0,2917.22790224068,679.3075210888718,46
BamAdebayo,1368.2499999929994,477.0,101.0,67.0,32.0,42.0,138.0,340.0,174.0,7.0,0.0,179.0,129.0,119.0,263.0,382.0,2720.868534992025,440.6490472705154,69
BenMcLemore,1090.6333333379998,422.0,51.0,61.0,38.0,15.0,139.0,373.0,157.0,159.0,55.0,64.0,53.0,34.0,105.0,139.0,2216.696109384495,413.00971393941353,56
BenMoore,9.283333333,0.0,1.0,0.0,0.0,0.0,4.0,0.0,0.0,0.0,0.0,0.0,0.0,0.0,1.0,1.0,21.918685936730753,0.0,2
BenSimmons,2731.8666666699996,1279.0,660.0,278.0,141.0,68.0,211.0,999.0,544.0,11.0,0.0,341.0,191.0,145.0,515.0,660.0,5781.580213757654,1283.215074259896,81
BismackBiyombo,1494.9333333199993,468.0,66.0,84.0,21.0,95.0,158.0,350.0,183.0,1.0,0.0,157.0,102.0,144.0,324.0,468.0,3044.255183723505,454.0871120981637,82
BlakeGriffin,1969.833333367,1242.0,334.0,167.0,41.0,17.0,139.0,996.0,436.0,322.0,111.0,330.0,259.0,74.0,355.0,429.0,4052.55764725662,1173.0079178446736,58
BobanMarjanovic,337.833333329,235.0,22.0,36.0,10.0,11.0,51.0,148.0,79.0,0.0,0.0,97.0,77.0,48.0,96.0,144.0,699.9489784291701,200.1483751577419,39
BobbyBrown,114.900000002,50.0,11.0,9.0,4.0,0.0,6.0,58.0,19.0,40.0,11.0,2.0,1.0,0.0,7.0,7.0,239.75509937963056,62.80052203296439,20
BobbyPortis,1642.5166666499995,964.0,123.0,103.0,48.0,23.0,130.0,810.0,382.0,223.0,80.0,156.0,120.0,158.0,338.0,496.0,3422.4255208997397,878.5656704111501,73
BogdanBogdanovic,2144.59999998,917.0,258.0,125.0,72.0,16.0,172.0,772.0,344.0,329.0,129.0,119.0,100.0,31.0,191.0,222.0,4309.462959963691,847.1625334839447,78
BojanBogdanovic,2464.283333329999,1141.0,119.0,105.0,54.0,9.0,129.0,852.0,404.0,386.0,155.0,205.0,178.0,30.0,238.0,268.0,5005.874145933851,954.1022038219248,80
BradleyBeal,2976.716666650002,1857.0,373.0,214.0,97.0,35.0,160.0,1484.0,683.0,530.0,199.0,369.0,292.0,61.0,301.0,362.0,6062.206851221425,1676.7105893800933,82
BrandanWright,380.86666666900004,139.0,13.0,8.0,13.0,26.0,32.0,102.0,59.0,0.0,0.0,33.0,21.0,33.0,62.0,95.0,761.2504831304781,111.32644449403978,28
BrandonIngram,1974.58333334,949.0,230.0,150.0,45.0,43.0,163.0,761.0,358.0,105.0,41.0,282.0,192.0,57.0,258.0,315.0,4195.064273141678,923.9351190143971,59
BrandonJennings,205.15000000400002,73.0,44.0,18.0,6.0,4.0,11.0,72.0,27.0,33.0,9.0,10.0,10.0,5.0,26.0,31.0,430.23276313307025,84.38796528761394,14
BrandonPaul,575.849999977,145.0,37.0,31.0,25.0,7.0,58.0,126.0,54.0,54.0,15.0,43.0,22.0,6.0,62.0,68.0,1177.2400577662438,158.40075115431736,64
BrianteWeber,236.51666666699998,50.0,22.0,15.0,18.0,5.0,28.0,43.0,19.0,11.0,4.0,10.0,8.0,8.0,27.0,35.0,492.9450350007422,55.82702340531993,18
BriceJohnson,98.26666665900001,43.0,2.0,5.0,9.0,6.0,13.0,42.0,20.0,1.0,0.0,5.0,3.0,9.0,22.0,31.0,210.72309842026104,41.61095106445956,18
BrookLopez,1735.0166667030005,961.0,126.0,98.0,29.0,98.0,195.0,794.0,369.0,325.0,112.0,158.0,111.0,74.0,220.0,294.0,3687.4570391401426,862.5268855871283,74
BrunoCaboclo,106.16666667300001,26.0,5.0,4.0,3.0,4.0,8.0,31.0,9.0,17.0,3.0,6.0,5.0,7.0,15.0,22.0,209.74270626258533,33.319777307700875,12
BrynForbes,1516.9166666679998,555.0,80.0,37.0,27.0,2.0,108.0,497.0,209.0,228.0,89.0,72.0,48.0,12.0,98.0,110.0,3051.6734015672596,505.82681432930315,80
BuddyHield,1996.5000000799998,1079.0,155.0,124.0,86.0,22.0,148.0,933.0,416.0,408.0,176.0,81.0,71.0,55.0,251.0,306.0,3989.7342410971055,972.5155239720648,80
CJMcCollum,2923.716666659999,1732.0,272.0,152.0,77.0,35.0,168.0,1504.0,667.0,476.0,189.0,250.0,209.0,53.0,268.0,321.0,5981.158112171716,1583.3932152643483,81
CJMiles,1336.5666666700001,699.0,55.0,40.0,37.0,21.0,134.0,598.0,227.0,454.0,164.0,97.0,81.0,18.0,134.0,152.0,2756.8768940713558,609.095605210929,70
CJWilliams,706.5166666680001,209.0,43.0,20.0,31.0,13.0,63.0,197.0,87.0,78.0,22.0,16.0,13.0,12.0,44.0,56.0,1462.9176134409447,201.26874061496918,38
CalebSwanigan,189.36666666199997,61.0,14.0,18.0,5.0,3.0,37.0,60.0,24.0,8.0,1.0,18.0,12.0,15.0,39.0,54.0,378.0006793661236,76.42504644389089,27
CameronPayne,581.51666667,221.0,113.0,36.0,26.0,9.0,44.0,215.0,87.0,91.0,35.0,16.0,12.0,18.0,51.0,69.0,1216.9236028172893,226.97902758434697,25
CarisLeVert,1863.6666666400004,858.0,299.0,153.0,82.0,22.0,159.0,735.0,320.0,245.0,85.0,187.0,133.0,53.0,207.0,260.0,3917.7521761914877,879.8190952225974,71
CarmeloAnthony,2501.1499999770003,1261.0,103.0,100.0,47.0,49.0,197.0,1169.0,472.0,474.0,169.0,193.0,148.0,67.0,385.0,452.0,5176.024005579091,1170.3313431193617,78
CarrickFelix,0.0,0.0,0.0,0.0,0.0,0.0,0.0,0.0,0.0,0.0,0.0,0.0,0.0,0.0,0.0,0.0,0.0,0.0,0
CediOsman,672.4999999869997,238.0,41.0,32.0,22.0,3.0,78.0,186.0,90.0,87.0,32.0,46.0,26.0,19.0,101.0,120.0,1386.6813812250434,215.8167434979625,61
ChandlerParsons,691.400000033,284.0,69.0,35.0,18.0,11.0,53.0,234.0,108.0,121.0,51.0,27.0,17.0,14.0,76.0,90.0,1386.3355241283723,258.133300638875,36
ChanningFrye,694.8499999889999,264.0,38.0,22.0,17.0,14.0,69.0,212.0,104.0,115.0,39.0,19.0,17.0,12.0,124.0,136.0,1430.3888121638938,222.13895920654852,53
CharlesCooke,38.099999999,6.0,1.0,1.0,1.0,0.0,0.0,14.0,2.0,8.0,1.0,2.0,1.0,0.0,2.0,2.0,77.42842937374238,12.811806476008767,13
CheickDiallo,580.9500000220002,254.0,19.0,27.0,11.0,21.0,82.0,176.0,102.0,0.0,0.0,66.0,50.0,46.0,165.0,211.0,1223.5512437960779,213.33433668043864,52
ChinanuOnuaku,21.56666667,4.0,1.0,3.0,0.0,0.0,4.0,5.0,2.0,0.0,0.0,0.0,0.0,1.0,3.0,4.0,40.113191256199876,7.501166764909377,1
ChrisBoucher,1.316666667,0.0,0.0,0.0,0.0,0.0,0.0,1.0,0.0,1.0,0.0,0.0,0.0,0.0,1.0,1.0,1.9204900004862,0.9602450002431,1
ChrisMcCullough,89.76666666599998,46.0,4.0,2.0,0.0,5.0,8.0,42.0,18.0,8.0,1.0,14.0,9.0,7.0,18.0,25.0,193.1883146861114,44.07396317458071,19
ChrisPaul,1846.56666668,1081.0,458.0,128.0,97.0,13.0,141.0,798.0,367.0,379.0,144.0,221.0,203.0,36.0,277.0,313.0,3747.1275153397464,930.6795949045226,58
ClintCapela,2034.3166666600002,1026.0,68.0,104.0,57.0,138.0,185.0,676.0,441.0,1.0,0.0,257.0,144.0,242.0,560.0,802.0,4146.650774052562,801.3671546612707,74
CodyZeller,627.1666666499998,233.0,31.0,33.0,14.0,21.0,81.0,154.0,85.0,3.0,2.0,85.0,61.0,65.0,110.0,175.0,1298.7037421518155,201.20796303246996,33
ColeAldrich,48.700000002999985,12.0,3.0,1.0,2.0,1.0,11.0,15.0,5.0,0.0,0.0,6.0,2.0,3.0,12.0,15.0,98.87227281860135,16.42741829827417,21
CoreyBrewer,1208.5333333239998,380.0,65.0,49.0,79.0,14.0,139.0,316.0,142.0,110.0,31.0,90.0,65.0,43.0,110.0,153.0,2581.898828414929,360.43871519853144,72
CoryJoseph,2209.9333333400004,649.0,260.0,88.0,80.0,19.0,141.0,604.0,256.0,190.0,67.0,95.0,70.0,39.0,227.0,266.0,4469.818773761715,657.943799562178,82
CourtneyLee,2309.9833333599995,913.0,180.0,84.0,80.0,17.0,109.0,755.0,343.0,278.0,113.0,124.0,114.0,30.0,194.0,224.0,4726.352864115935,800.4908768863031,76
CristianoFelicio,977.4666666690003,308.0,55.0,54.0,16.0,11.0,104.0,215.0,127.0,2.0,0.0,81.0,54.0,83.0,150.0,233.0,2002.399028440726,272.5103638506913,55
DAngeloRussell,1233.58333333,745.0,249.0,147.0,36.0,17.0,93.0,671.0,279.0,278.0,90.0,131.0,97.0,30.0,159.0,189.0,2637.289596557504,795.6218924642296,48
DJAugustin,1760.066666686,766.0,287.0,122.0,53.0,0.0,94.0,539.0,244.0,272.0,114.0,189.0,164.0,30.0,131.0,161.0,3648.5012953533737,679.3783587215413,75
DJWilson,71.10000000400001,21.0,3.0,4.0,3.0,1.0,7.0,16.0,9.0,5.0,2.0,2.0,1.0,2.0,8.0,10.0,138.2187331332258,20.01811478060456,22
DakariJohnson,161.366666669,55.0,8.0,4.0,6.0,8.0,27.0,39.0,22.0,0.0,0.0,20.0,11.0,16.0,18.0,34.0,316.17048719224834,44.697866138721565,31
DamianJones,88.716666663,25.0,2.0,4.0,1.0,3.0,14.0,22.0,11.0,0.0,0.0,5.0,3.0,5.0,9.0,14.0,176.66689217952904,26.274996520961423,15
DamianLillard,2669.85,1962.0,481.0,205.0,78.0,27.0,117.0,1415.0,621.0,628.0,227.0,538.0,493.0,62.0,263.0,325.0,5517.409944064654,1663.5599953527678,73
DamienWilkins,152.633333328,33.0,9.0,5.0,2.0,1.0,7.0,39.0,13.0,18.0,4.0,4.0,3.0,4.0,11.0,15.0,303.93724623794094,38.71726574883716,19
DamionLee,404.4166666500001,161.0,29.0,14.0,19.0,1.0,25.0,152.0,62.0,60.0,15.0,29.0,22.0,11.0,60.0,71.0,855.6014465276455,159.78974452941952,15
DamyeanDotson,474.083333329,182.0,31.0,17.0,12.0,2.0,34.0,161.0,72.0,68.0,22.0,23.0,16.0,9.0,75.0,84.0,970.647569365312,170.4280477249289,44
DanielHamilton,27.716666670000002,12.0,8.0,2.0,1.0,0.0,2.0,11.0,5.0,5.0,2.0,0.0,0.0,0.0,5.0,5.0,53.12519438149791,11.817206421849614,6
DanielTheis,935.6666666950001,331.0,56.0,56.0,30.0,47.0,157.0,234.0,126.0,59.0,18.0,81.0,61.0,90.0,184.0,274.0,1886.384510370879,291.339137742469,63
DaniloGallinari,671.06666666,321.0,42.0,26.0,12.0,10.0,30.0,256.0,102.0,111.0,36.0,87.0,81.0,9.0,92.0,101.0,1355.9271446729895,285.265981247635,22
DannyGreen,1791.1166666530005,600.0,110.0,74.0,63.0,80.0,122.0,561.0,217.0,320.0,116.0,65.0,50.0,41.0,208.0,249.0,3548.6271837207664,589.0986991334685,70
DanteCunningham,1561.716666671,417.0,48.0,34.0,38.0,29.0,111.0,364.0,164.0,168.0,58.0,52.0,31.0,78.0,219.0,297.0,3298.7584609482515,386.5115203882358,73
DanteExum,234.516666643,114.0,43.0,20.0,8.0,3.0,20.0,87.0,42.0,18.0,5.0,31.0,25.0,4.0,22.0,26.0,484.509774327554,110.66236536362709,14
DanuelHouse,402.65000000000003,152.0,25.0,11.0,7.0,6.0,23.0,129.0,56.0,58.0,15.0,31.0,25.0,13.0,63.0,76.0,840.2483203119575,139.18514964715925,23
DarioSaric,2310.0833333670007,1141.0,202.0,148.0,51.0,21.0,160.0,889.0,403.0,399.0,157.0,207.0,178.0,152.0,367.0,519.0,4838.255231634494,1010.2893200331617,78
DariusMiller,1944.6833333069994,637.0,111.0,59.0,28.0,17.0,160.0,488.0,216.0,358.0,147.0,67.0,58.0,18.0,146.0,164.0,4104.593477135169,531.9173460932271,82
DarrellArthur,140.78333332599996,54.0,9.0,15.0,8.0,3.0,22.0,47.0,22.0,23.0,8.0,3.0,2.0,3.0,12.0,15.0,297.5084096672905,59.06185456749352,19
DarrenCollison,2018.3500000500005,855.0,368.0,86.0,93.0,15.0,122.0,638.0,316.0,205.0,96.0,143.0,127.0,37.0,140.0,177.0,4099.652909786761,717.9030728637249,69
DarrunHilliard,95.51666666899999,16.0,11.0,4.0,2.0,0.0,7.0,19.0,5.0,6.0,0.0,7.0,6.0,0.0,7.0,7.0,188.3865018797949,23.401579414160565,14
DavidNwaba,1645.9500000099997,555.0,104.0,77.0,59.0,28.0,158.0,423.0,202.0,52.0,18.0,203.0,133.0,89.0,237.0,326.0,3418.74531970771,527.9062329839828,70
DavidStockton,9.333333334,10.0,0.0,1.0,0.0,0.0,3.0,3.0,2.0,3.0,2.0,4.0,4.0,0.0,0.0,0.0,19.443476251465817,5.0503546640872266,3
DavidWest,998.700000001,495.0,138.0,80.0,47.0,75.0,120.0,378.0,216.0,8.0,3.0,79.0,60.0,64.0,174.0,238.0,2004.3714625017824,457.48057016953186,73
DavisBertans,1086.5333333629999,456.0,74.0,36.0,27.0,29.0,93.0,366.0,161.0,252.0,94.0,49.0,40.0,18.0,135.0,153.0,2187.2202859982744,383.2662626861255,77
DavonReed,242.16666666700004,63.0,13.0,10.0,10.0,2.0,17.0,76.0,22.0,38.0,11.0,12.0,8.0,2.0,37.0,39.0,511.94534531407805,82.89812281075432,21
DeAaronFox,1998.2333333540007,844.0,320.0,173.0,69.0,20.0,163.0,797.0,328.0,153.0,47.0,195.0,141.0,33.0,171.0,204.0,4087.2305031693118,942.6252542221025,73
DeAndreBembry,454.850000007,136.0,49.0,47.0,21.0,12.0,38.0,127.0,53.0,30.0,11.0,33.0,19.0,8.0,64.0,72.0,942.9191784562713,176.0065391763919,26
DeAndreJordan,2423.48333334,927.0,117.0,139.0,39.0,69.0,203.0,575.0,373.0,0.0,0.0,312.0,181.0,329.0,842.0,1171.0,4996.931390017268,760.6856687216431,77
DeAndreLiggins,724.0333333169998,101.0,48.0,21.0,37.0,14.0,81.0,106.0,40.0,53.0,19.0,5.0,2.0,7.0,68.0,75.0,1467.7217121724082,119.90649974041571,58
DeMarDeRozan,2711.7333332900002,1840.0,417.0,176.0,86.0,22.0,151.0,1413.0,645.0,287.0,89.0,559.0,461.0,59.0,256.0,315.0,5640.0664442847055,1648.2716001417616,80
DeMarcusCousins,1737.03333335,1210.0,256.0,241.0,81.0,75.0,183.0,864.0,406.0,294.0,104.0,394.0,294.0,105.0,514.0,619.0,3609.3363384712925,1168.322477161848,48
DeMarreCarroll,2179.5999999699998,983.0,147.0,103.0,60.0,30.0,165.0,786.0,325.0,392.0,145.0,246.0,188.0,104.0,374.0,478.0,4523.099061199289,892.3315559961721,73
DejounteMurray,1743.1999999690004,656.0,231.0,135.0,97.0,31.0,151.0,609.0,271.0,34.0,9.0,148.0,105.0,110.0,349.0,459.0,3493.3952108731487,723.0949956552621,81
DelonWright,1432.6333333660007,557.0,200.0,78.0,72.0,33.0,81.0,432.0,201.0,154.0,56.0,119.0,99.0,45.0,152.0,197.0,2906.042387253126,504.4818646241757,69
DemetriusJackson,79.949999996,16.0,9.0,11.0,5.0,1.0,7.0,18.0,7.0,7.0,1.0,2.0,1.0,5.0,7.0,12.0,161.31161749277683,26.14608171542169,15
DennisSchroder,2077.86666666,1301.0,418.0,183.0,73.0,6.0,147.0,1145.0,500.0,262.0,76.0,265.0,225.0,44.0,164.0,208.0,4305.5818024871705,1312.3656754778322,67
DennisSmith,2049.1333333099997,1048.0,358.0,196.0,70.0,17.0,152.0,1023.0,404.0,339.0,106.0,193.0,134.0,50.0,210.0,260.0,4158.738949018576,1193.8922936179601,69
DenzelValentine,2095.1666667,783.0,244.0,100.0,65.0,12.0,185.0,720.0,301.0,370.0,143.0,51.0,38.0,48.0,345.0,393.0,4330.26671006861,751.0096430155053,77
DerrickFavors,2153.266666649999,944.0,102.0,88.0,54.0,82.0,164.0,702.0,395.0,63.0,14.0,215.0,140.0,197.0,354.0,551.0,4299.171339344854,797.4598266518449,77
DerrickJones,245.18333333899997,61.0,8.0,7.0,4.0,13.0,24.0,53.0,21.0,18.0,3.0,24.0,16.0,21.0,17.0,38.0,493.09882188746246,62.47643734196187,20
DerrickRose,419.250000009,209.0,37.0,35.0,7.0,4.0,16.0,186.0,81.0,30.0,7.0,46.0,40.0,13.0,22.0,35.0,889.7853731458315,222.6877371756616,25
DerrickWalton,147.21666667,29.0,16.0,2.0,7.0,3.0,7.0,25.0,8.0,17.0,7.0,6.0,6.0,2.0,14.0,16.0,287.87973500808783,27.318511306908963,16
DerrickWhite,138.733333334,54.0,9.0,6.0,4.0,3.0,8.0,33.0,16.0,13.0,8.0,20.0,14.0,5.0,21.0,26.0,291.7655468738171,43.73631327713676,17
DerrickWilliams,8.516666666999999,2.0,0.0,0.0,0.0,0.0,0.0,4.0,1.0,2.0,0.0,0.0,0.0,0.0,1.0,1.0,19.860579062894416,3.5829977906249995,2
DevinBooker,1865.26666666,1346.0,253.0,194.0,47.0,14.0,168.0,1054.0,455.0,384.0,147.0,329.0,289.0,26.0,218.0,244.0,4027.469679045585,1242.1149979627355,54
DevinHarris,1339.53333332,595.0,151.0,76.0,48.0,12.0,159.0,454.0,187.0,227.0,79.0,170.0,142.0,12.0,116.0,128.0,2739.8654180964563,552.8970001164042,71
DevinRobinson,13.21666667,2.0,0.0,0.0,1.0,0.0,2.0,3.0,1.0,0.0,0.0,0.0,0.0,2.0,3.0,5.0,28.676862507232503,2.3515027255930647,1
DewayneDedmon,1542.3500000200004,617.0,90.0,86.0,40.0,51.0,162.0,477.0,250.0,141.0,50.0,86.0,67.0,100.0,389.0,489.0,3200.1719131689806,548.8099699609616,62
DeyontaDavis,942.6666667029999,360.0,40.0,31.0,15.0,39.0,125.0,265.0,161.0,0.0,0.0,57.0,38.0,75.0,175.0,250.0,1932.3915738272433,289.3430803794015,62
DillonBrooks,2349.7000000299995,898.0,135.0,124.0,73.0,18.0,233.0,772.0,340.0,264.0,94.0,166.0,124.0,49.0,208.0,257.0,4679.750205686667,877.2451180012342,82
DionWaiters,917.5333333370002,429.0,113.0,70.0,22.0,9.0,61.0,410.0,163.0,170.0,52.0,69.0,51.0,8.0,69.0,77.0,1849.994042195088,466.1520179213094,30
DirkNowitzki,1900.34999998,927.0,120.0,51.0,43.0,43.0,146.0,758.0,346.0,337.0,138.0,108.0,97.0,22.0,416.0,438.0,3820.136498709308,786.2290874523662,77
DomantasSabonis,1810.1333333500006,861.0,151.0,137.0,40.0,32.0,220.0,661.0,340.0,37.0,13.0,224.0,168.0,165.0,407.0,572.0,3674.539192532591,807.824925646869,74
DonovanMitchell,2638.0166666900004,1616.0,291.0,217.0,118.0,27.0,213.0,1362.0,595.0,550.0,187.0,297.0,239.0,52.0,244.0,296.0,5351.47079848438,1546.1324044413618,79
DorianFinneySmith,448.3333333300001,123.0,26.0,21.0,10.0,4.0,43.0,121.0,46.0,67.0,20.0,15.0,11.0,22.0,53.0,75.0,897.4601453059855,131.28942411858276,21
DougMcDermott,1768.0333333770004,630.0,79.0,55.0,19.0,15.0,122.0,508.0,237.0,216.0,92.0,81.0,64.0,39.0,160.0,199.0,3609.742506651951,539.623944141695,81
DraganBender,2069.46666667,531.0,130.0,113.0,22.0,53.0,166.0,484.0,187.0,322.0,118.0,51.0,39.0,40.0,322.0,362.0,4388.80487719852,561.3082126992467,82
DraymondGreen,2286.7666667000003,775.0,509.0,201.0,95.0,91.0,185.0,619.0,282.0,256.0,77.0,173.0,134.0,75.0,461.0,536.0,4857.379886635925,835.4817076175486,70
DwayneBacon,713.050000014,175.0,38.0,22.0,16.0,2.0,46.0,193.0,72.0,43.0,11.0,25.0,20.0,4.0,120.0,124.0,1493.3976819043094,203.37273498236635,53
DwightBuycks,427.2500000069999,215.0,59.0,39.0,19.0,2.0,39.0,198.0,82.0,45.0,15.0,41.0,36.0,12.0,29.0,41.0,849.7044462614491,233.08297714604504,29
DwightHoward,2463.4166666700003,1347.0,105.0,208.0,47.0,131.0,249.0,911.0,506.0,7.0,1.0,582.0,334.0,254.0,758.0,1012.0,5129.403118131177,1233.7025646559396,81
DwightPowell,1671.7500000070002,671.0,91.0,59.0,66.0,31.0,186.0,430.0,255.0,84.0,28.0,185.0,133.0,135.0,309.0,444.0,3342.759839388852,520.7458290955062,79
DwyaneWade,1536.1333333100001,765.0,228.0,139.0,61.0,46.0,124.0,684.0,299.0,111.0,32.0,189.0,135.0,50.0,202.0,252.0,3191.963493075705,818.3557746628352,67
ETwaunMoore,2585.8499999799997,1022.0,188.0,102.0,79.0,11.0,182.0,832.0,423.0,300.0,128.0,68.0,48.0,57.0,181.0,238.0,5490.597134644925,886.4161932761131,82
EdDavis,1470.933333323,414.0,40.0,66.0,31.0,53.0,188.0,292.0,170.0,1.0,0.0,111.0,74.0,182.0,392.0,574.0,2936.89000685689,358.74762237770193,78
EdmondSumner,2.166666667,2.0,0.0,0.0,0.0,0.0,1.0,1.0,1.0,0.0,0.0,0.0,0.0,0.0,1.0,1.0,4.672971875718918,1.1682429689297296,1
EkpeUdoh,809.700000002,162.0,53.0,20.0,42.0,74.0,105.0,119.0,60.0,1.0,0.0,56.0,42.0,68.0,82.0,150.0,1628.5051681280784,151.73382414047532,63
ElfridPayton,1808.5000000399996,797.0,393.0,168.0,82.0,22.0,147.0,667.0,329.0,92.0,30.0,168.0,109.0,64.0,210.0,274.0,3825.170889459607,823.3739868037277,63
EmekaOkafor,353.2333333269999,114.0,8.0,13.0,8.0,25.0,30.0,95.0,48.0,0.0,0.0,22.0,18.0,47.0,73.0,120.0,773.4289062400469,105.31015595838522,26
EmmanuelMudiay,1244.1999999969998,553.0,206.0,113.0,41.0,9.0,80.0,525.0,204.0,147.0,47.0,129.0,98.0,26.0,126.0,152.0,2595.1330865500645,616.923186695382,64
EnesKanter,1829.6833333129998,1000.0,105.0,122.0,36.0,37.0,187.0,712.0,422.0,2.0,0.0,184.0,156.0,273.0,507.0,780.0,3749.136269959142,805.7766607172294,71
EricBledsoe,2321.533333313001,1313.0,370.0,215.0,148.0,41.0,185.0,991.0,468.0,360.0,125.0,317.0,252.0,52.0,233.0,285.0,4766.245783708874,1227.9992347133555,74
EricGordon,2154.2499999899997,1243.0,154.0,132.0,45.0,26.0,116.0,968.0,415.0,608.0,218.0,241.0,195.0,25.0,145.0,170.0,4471.538503417259,1088.9489561122596,69
EricMoreland,805.1500000010001,143.0,78.0,41.0,32.0,51.0,116.0,122.0,66.0,0.0,0.0,29.0,11.0,81.0,196.0,277.0,1596.5301481244228,159.93496786968066,67
ErikMcCree,7.533333333,0.0,0.0,1.0,1.0,0.0,0.0,2.0,0.0,1.0,0.0,0.0,0.0,0.0,1.0,1.0,16.61177031194567,3.0193910312821886,4
ErsanIlyasova,1729.6000000099998,750.0,90.0,72.0,61.0,27.0,157.0,613.0,277.0,253.0,91.0,135.0,105.0,118.0,288.0,406.0,3599.2563303353254,673.2714535264663,69
EvanFournier,1837.0000000000002,1013.0,165.0,95.0,47.0,16.0,138.0,802.0,368.0,335.0,127.0,173.0,150.0,23.0,156.0,179.0,3872.9944206275995,890.8883523857135,57
EvanTurner,2033.8166666599996,649.0,173.0,99.0,47.0,28.0,163.0,577.0,258.0,132.0,42.0,107.0,91.0,30.0,214.0,244.0,4161.186284046996,647.182725547468,79
FrankJackson,0.0,0.0,0.0,0.0,0.0,0.0,0.0,0.0,0.0,0.0,0.0,0.0,0.0,0.0,0.0,0.0,0.0,0.0,0
FrankKaminsky,1835.1833332830006,873.0,129.0,65.0,36.0,22.0,95.0,716.0,307.0,274.0,104.0,194.0,155.0,46.0,242.0,288.0,3752.8121089595156,780.9568787586256,79
FrankMason,983.96666663,413.0,147.0,65.0,34.0,10.0,72.0,381.0,144.0,86.0,31.0,115.0,94.0,30.0,100.0,130.0,1918.5185764894782,442.8344960521226,52
FrankNtilikina,1705.6333333300004,463.0,250.0,131.0,66.0,18.0,181.0,500.0,182.0,157.0,50.0,68.0,49.0,37.0,140.0,177.0,3473.9526490513776,591.6425680830671,78
FredVanVleet,1520.2166667129998,656.0,243.0,74.0,68.0,19.0,130.0,545.0,232.0,261.0,108.0,101.0,84.0,24.0,159.0,183.0,3087.8654538477194,602.2841895946757,76
FurkanKorkmaz,79.73333333300002,23.0,4.0,2.0,2.0,1.0,12.0,28.0,8.0,17.0,5.0,4.0,2.0,2.0,9.0,11.0,168.81338718652484,28.024607565528953,14
GarrettTemple,1615.0833333270004,547.0,124.0,80.0,59.0,26.0,135.0,475.0,199.0,227.0,89.0,78.0,60.0,22.0,129.0,151.0,3227.4567256121168,527.8495268203163,65
GaryHarris,2304.4833333400006,1170.0,194.0,118.0,123.0,15.0,119.0,908.0,440.0,394.0,156.0,162.0,134.0,37.0,139.0,176.0,4714.238357823114,980.2182940078746,67
GaryPayton,220.86666666400006,69.0,21.0,7.0,7.0,3.0,30.0,74.0,30.0,25.0,6.0,9.0,3.0,13.0,31.0,44.0,454.436705932022,75.84150587511235,23
GeorgeHill,1812.083333293,667.0,186.0,89.0,62.0,26.0,128.0,512.0,236.0,204.0,85.0,140.0,110.0,42.0,139.0,181.0,3627.373495543068,593.0651954250652,67
GeorgesNiang,31.683333333000004,9.0,3.0,3.0,2.0,0.0,1.0,11.0,4.0,4.0,0.0,2.0,1.0,3.0,6.0,9.0,67.14804593712702,14.684731665667702,9
GeorgiosPapagiannis,121.61666665699998,36.0,9.0,8.0,4.0,6.0,12.0,42.0,18.0,0.0,0.0,0.0,0.0,13.0,24.0,37.0,248.36117966694007,43.68353234490401,17
GeraldGreen,929.1499999800002,497.0,25.0,31.0,24.0,15.0,87.0,413.0,168.0,298.0,110.0,60.0,51.0,14.0,118.0,132.0,1911.9836037087268,431.81662332611256,41
GianClavell,63.633333331,20.0,3.0,2.0,2.0,0.0,8.0,18.0,6.0,15.0,6.0,2.0,2.0,1.0,6.0,7.0,131.27579780786522,19.638282986921503,7
GiannisAntetokounmpo,2756.2833333499993,2014.0,360.0,221.0,108.0,106.0,231.0,1402.0,742.0,140.0,43.0,641.0,487.0,158.0,597.0,755.0,5593.065885034191,1750.7703358837969,75
GlennRobinson,337.783333333,95.0,17.0,5.0,13.0,1.0,14.0,85.0,36.0,34.0,14.0,11.0,9.0,11.0,26.0,37.0,683.3420515621797,84.57401008702787,23
GoranDragic,2377.533333320001,1296.0,359.0,166.0,63.0,12.0,180.0,1075.0,484.0,300.0,111.0,271.0,217.0,54.0,253.0,307.0,4833.410838410775,1228.1336181443955,75
GordonHayward,5.25,2.0,0.0,0.0,0.0,0.0,1.0,2.0,1.0,1.0,0.0,0.0,0.0,0.0,1.0,1.0,11.0479359375,1.701382134375,1
GorguiDieng,1332.6000000260003,470.0,71.0,59.0,45.0,39.0,147.0,388.0,186.0,61.0,19.0,102.0,79.0,106.0,253.0,359.0,2718.49696942798,445.625633701501,79
GregMonroe,1040.8333333199998,524.0,114.0,96.0,44.0,25.0,95.0,386.0,218.0,0.0,0.0,119.0,88.0,109.0,241.0,350.0,2143.4610965381657,477.81863609748706,51
GuerschonYabusele,235.050000002,79.0,16.0,12.0,4.0,5.0,23.0,61.0,26.0,37.0,12.0,22.0,15.0,17.0,35.0,52.0,473.90938031599285,72.42103703661616,33
HarrisonBarnes,2634.4666666699986,1452.0,152.0,118.0,50.0,14.0,94.0,1207.0,537.0,333.0,119.0,313.0,259.0,77.0,391.0,468.0,5305.52955282059,1343.007921027277,77
HassanWhiteside,1364.0833333299995,754.0,54.0,93.0,39.0,94.0,131.0,578.0,312.0,2.0,2.0,182.0,128.0,174.0,442.0,616.0,2790.594200620886,668.6983371918864,54
HenryEllenson,328.93333332300006,151.0,20.0,18.0,5.0,0.0,22.0,146.0,53.0,60.0,20.0,29.0,25.0,10.0,71.0,81.0,673.2513631029485,163.61291732808584,38
IanClark,1454.5499999819997,551.0,109.0,57.0,33.0,10.0,120.0,495.0,222.0,195.0,62.0,59.0,45.0,11.0,117.0,128.0,3054.3683327763106,532.2994946898176,74
IanMahinmi,1145.3000000430002,366.0,53.0,101.0,38.0,42.0,230.0,247.0,138.0,2.0,0.0,128.0,90.0,135.0,177.0,312.0,2328.377170711595,357.79349967123693,77
IkeAnigbogu,29.783333333,13.0,0.0,2.0,1.0,3.0,1.0,9.0,4.0,0.0,0.0,6.0,5.0,5.0,4.0,9.0,60.63480499926321,10.403782097263704,11
ImanShumpert,276.20000000699997,62.0,17.0,16.0,9.0,5.0,22.0,58.0,22.0,26.0,7.0,15.0,11.0,7.0,34.0,41.0,575.2975972014154,72.71025671570581,14
IsaiahCanaan,421.716666667,172.0,76.0,29.0,16.0,1.0,36.0,137.0,52.0,66.0,22.0,51.0,46.0,6.0,39.0,45.0,850.1839946867744,168.6992400598022,20
IsaiahHicks,239.48333333099998,80.0,16.0,16.0,2.0,4.0,45.0,72.0,33.0,9.0,2.0,18.0,12.0,10.0,31.0,41.0,499.6249465570224,89.64263544127046,18
IsaiahTaylor,1167.116666657,445.0,206.0,85.0,34.0,10.0,116.0,390.0,163.0,80.0,20.0,141.0,99.0,21.0,72.0,93.0,2431.033244042953,487.5508809894717,67
IsaiahThomas,861.6666666870001,486.0,153.0,95.0,15.0,3.0,58.0,421.0,157.0,188.0,55.0,131.0,117.0,17.0,50.0,67.0,1847.560742543353,519.7522265002971,33
IsaiahWhitehead,179.65000000499998,100.0,20.0,24.0,8.0,2.0,23.0,87.0,40.0,18.0,7.0,19.0,13.0,4.0,22.0,26.0,371.5770300098919,104.78349390917522,16
IshmaelSmith,2042.6333333599998,894.0,360.0,108.0,64.0,20.0,139.0,801.0,389.0,101.0,35.0,116.0,81.0,27.0,197.0,224.0,4182.006558178488,869.9791370824861,82
IvanRabb,515.6166666779999,201.0,32.0,35.0,12.0,13.0,55.0,152.0,86.0,0.0,0.0,36.0,29.0,53.0,105.0,158.0,1055.1735390853532,179.72796847829582,36
IvicaZubac,409.833333348,161.0,25.0,26.0,8.0,15.0,47.0,122.0,61.0,1.0,0.0,51.0,39.0,45.0,77.0,122.0,853.8359362826789,151.15597911083594,43
JJRedick,2115.8333333299993,1198.0,211.0,103.0,35.0,6.0,123.0,880.0,404.0,460.0,193.0,218.0,197.0,9.0,170.0,179.0,4509.099289051648,974.4916854729737,70
JRSmith,2244.1000000569993,662.0,142.0,81.0,68.0,10.0,161.0,594.0,240.0,381.0,143.0,56.0,39.0,29.0,206.0,235.0,4598.812807305625,636.6851914406998,80
JaKarrSampson,321.166666664,103.0,9.0,8.0,8.0,22.0,48.0,81.0,44.0,10.0,5.0,16.0,10.0,21.0,57.0,78.0,632.7242315562784,77.73125643842347,22
JaMychalGreen,1541.649999993,569.0,79.0,78.0,32.0,25.0,153.0,488.0,223.0,127.0,43.0,111.0,80.0,147.0,318.0,465.0,3046.3404812318763,547.9074210979142,55
JaValeMcGee,615.3999999699998,310.0,33.0,27.0,21.0,57.0,91.0,219.0,136.0,6.0,0.0,52.0,38.0,59.0,110.0,169.0,1306.10392680995,242.71009429279658,65
JabariBird,114.533333322,39.0,8.0,8.0,3.0,1.0,7.0,26.0,15.0,7.0,3.0,13.0,6.0,6.0,13.0,19.0,232.4761759141806,35.54906643330835,13
JabariParker,742.7499999899999,391.0,59.0,45.0,25.0,10.0,50.0,332.0,160.0,81.0,31.0,54.0,40.0,42.0,108.0,150.0,1542.2334709171046,358.64062206152647,31
JackCooley,68.950000003,40.0,6.0,3.0,1.0,0.0,13.0,27.0,13.0,0.0,0.0,19.0,14.0,14.0,16.0,30.0,135.23013281970265,23.89756770239191,7
JacobPullen,6.083333333000001,2.0,0.0,1.0,0.0,0.0,0.0,2.0,1.0,1.0,0.0,0.0,0.0,0.0,0.0,0.0,14.354931249148875,2.8303947373110505,3
JacobWiley,33.250000003,4.0,2.0,0.0,1.0,0.0,4.0,4.0,1.0,2.0,1.0,2.0,1.0,2.0,9.0,11.0,69.10896438175723,4.308163791864165,6
JaeCrowder,2089.8333333230007,773.0,99.0,74.0,63.0,21.0,187.0,671.0,271.0,341.0,110.0,148.0,121.0,59.0,216.0,275.0,4301.860554042099,742.2431711199636,80
JahlilOkafor,352.6999999949999,176.0,12.0,21.0,3.0,18.0,51.0,138.0,77.0,4.0,1.0,29.0,21.0,21.0,64.0,85.0,706.2072565521615,157.71961038380866,28
JakeLayman,160.33333333200002,34.0,11.0,5.0,6.0,4.0,13.0,47.0,14.0,20.0,4.0,3.0,2.0,4.0,12.0,16.0,318.0906265598587,46.09770079773673,35
JakobPoltl,1523.5499999699998,567.0,57.0,85.0,40.0,102.0,212.0,384.0,253.0,2.0,1.0,101.0,60.0,166.0,228.0,394.0,3121.065942439271,460.8295657748533,82
JalenJones,181.366666666,74.0,4.0,8.0,5.0,1.0,22.0,67.0,26.0,26.0,10.0,19.0,12.0,13.0,25.0,38.0,361.17152499814677,73.00744197032972,16
JamalCrawford,1653.2666666229993,822.0,185.0,95.0,41.0,8.0,85.0,743.0,308.0,314.0,104.0,113.0,102.0,21.0,78.0,99.0,3352.8498711593998,804.284635268537,80
JamalMurray,2564.75000004,1352.0,274.0,171.0,80.0,29.0,174.0,1062.0,479.0,436.0,165.0,253.0,229.0,82.0,214.0,296.0,5204.206297895073,1200.4030716641048,81
JameelWarney,26.83333333,17.0,0.0,1.0,0.0,0.0,2.0,12.0,7.0,0.0,0.0,5.0,3.0,4.0,5.0,9.0,51.102974993505185,12.871899931587228,3
JameerNelson,1013.1500000259998,247.0,179.0,68.0,27.0,4.0,81.0,243.0,95.0,123.0,41.0,20.0,16.0,12.0,91.0,103.0,2085.9714975508355,295.0829835716567,50
JamelArtis,279.000000006,77.0,18.0,8.0,2.0,3.0,11.0,79.0,31.0,29.0,8.0,12.0,7.0,4.0,34.0,38.0,563.2521297003026,82.61688860486079,15
JamesEnnis,1604.0500000199995,512.0,71.0,57.0,47.0,18.0,134.0,384.0,182.0,153.0,51.0,116.0,97.0,73.0,151.0,224.0,3218.326567540796,442.53818224174887,72
JamesHarden,2550.849999989999,2191.0,629.0,315.0,126.0,50.0,169.0,1448.0,651.0,722.0,265.0,727.0,624.0,40.0,347.0,387.0,5244.707390293992,1895.1944380959685,72
JamesJohnson,1943.2666666999992,788.0,280.0,143.0,70.0,52.0,192.0,614.0,309.0,185.0,57.0,162.0,113.0,61.0,297.0,358.0,3943.5731191268947,753.0512992954234,73
JamesMichaelMcAdoo,17.950000000000003,8.0,0.0,1.0,0.0,1.0,1.0,7.0,2.0,7.0,2.0,2.0,2.0,0.0,2.0,2.0,37.97677124986594,8.06924650140076,3
JamesWebb,119.933333341,16.0,4.0,4.0,1.0,0.0,10.0,24.0,6.0,19.0,4.0,0.0,0.0,8.0,16.0,24.0,241.8759956399616,24.43909712213497,10
JamesYoung,61.116666667000004,17.0,2.0,1.0,0.0,0.0,4.0,14.0,5.0,10.0,3.0,6.0,4.0,0.0,2.0,2.0,118.02399812666678,16.59469741997856,6
JamilWilson,273.78333333999996,105.0,10.0,8.0,4.0,8.0,34.0,81.0,38.0,63.0,27.0,4.0,2.0,3.0,29.0,32.0,553.9723337661093,81.9234986895825,15
JaredDudley,686.4999999910002,152.0,78.0,28.0,25.0,10.0,85.0,122.0,48.0,80.0,29.0,35.0,27.0,8.0,84.0,92.0,1432.3208212322065,149.8412530445167,49
JarellEddie,8.616666667,0.0,0.0,0.0,1.0,0.0,0.0,2.0,0.0,2.0,0.0,0.0,0.0,0.0,1.0,1.0,16.81030656310046,1.7123320843863268,3
JarellMartin,1660.8166666729996,565.0,73.0,86.0,40.0,50.0,212.0,496.0,221.0,98.0,34.0,116.0,89.0,97.0,222.0,319.0,3333.978202514313,573.7199565337797,73
JarrettAllen,1441.1333333270004,585.0,49.0,82.0,28.0,88.0,147.0,396.0,233.0,15.0,5.0,147.0,114.0,144.0,244.0,388.0,2980.336146548744,488.3904538563238,72
JarrettJack,1547.5833333460002,466.0,348.0,116.0,35.0,4.0,98.0,443.0,189.0,86.0,25.0,75.0,63.0,22.0,169.0,191.0,3165.692014400997,531.5099976503298,62
JasonSmith,284.750000007,113.0,14.0,16.0,3.0,13.0,44.0,115.0,45.0,32.0,4.0,21.0,19.0,18.0,35.0,53.0,594.4853818893615,128.34147910543396,33
JasonTerry,813.683333321,166.0,59.0,26.0,41.0,12.0,52.0,154.0,59.0,115.0,40.0,9.0,8.0,5.0,43.0,48.0,1660.4034218573038,166.328396972931,51
JawunEvans,777.866666664,231.0,100.0,45.0,38.0,6.0,97.0,252.0,89.0,54.0,15.0,49.0,38.0,9.0,75.0,84.0,1647.7327590539712,289.4081722700634,48
JaylenBrown,2151.81666668,1017.0,114.0,124.0,71.0,26.0,181.0,802.0,373.0,306.0,121.0,233.0,150.0,68.0,280.0,348.0,4385.323930652705,930.9108590320892,70
JaylenMorris,98.48333334,28.0,7.0,6.0,2.0,1.0,2.0,31.0,13.0,9.0,2.0,0.0,0.0,2.0,14.0,16.0,215.17348188983004,34.43619013586822,6
JaysonTatum,2442.9333333399995,1112.0,128.0,116.0,83.0,58.0,170.0,835.0,397.0,242.0,105.0,258.0,213.0,49.0,352.0,401.0,4935.253864078496,969.210925938013,80
JeffGreen,1827.8500000399997,846.0,100.0,73.0,41.0,34.0,149.0,619.0,295.0,170.0,53.0,234.0,203.0,60.0,185.0,245.0,3793.4863794522744,737.9249134371254,78
JeffTeague,2311.29999999,994.0,492.0,177.0,102.0,22.0,171.0,794.0,354.0,228.0,84.0,239.0,202.0,24.0,185.0,209.0,4738.462932482835,966.6377480889903,70
JeffWithey,39.300000000000004,15.0,0.0,2.0,0.0,3.0,3.0,16.0,6.0,10.0,2.0,2.0,1.0,1.0,9.0,10.0,81.41667874969984,17.079139601318705,10
JeramiGrant,1647.1166666630004,682.0,57.0,55.0,31.0,78.0,155.0,456.0,244.0,110.0,32.0,240.0,162.0,85.0,233.0,318.0,3348.2067712384774,556.0541369920418,81
JeremyEvans,5.35,2.0,0.0,1.0,0.0,0.0,1.0,1.0,1.0,0.0,0.0,0.0,0.0,1.0,0.0,1.0,11.6423690625,1.6299316687500003,1
JeremyLamb,1966.7666666569999,1033.0,187.0,93.0,61.0,32.0,138.0,831.0,380.0,253.0,94.0,208.0,179.0,49.0,275.0,324.0,4047.709252789011,912.5460818481466,80
JeremyLin,25.18333333,18.0,4.0,3.0,0.0,0.0,3.0,12.0,5.0,2.0,1.0,7.0,7.0,0.0,0.0,0.0,62.13137561677612,16.21628903597857,1
JerianGrant,1686.3166666800003,619.0,342.0,89.0,62.0,8.0,132.0,504.0,209.0,188.0,61.0,188.0,140.0,32.0,143.0,175.0,3435.205853779279,606.823114089563,74
JerrydBayless,924.6833333230002,307.0,54.0,46.0,23.0,6.0,91.0,262.0,109.0,146.0,54.0,44.0,35.0,15.0,65.0,80.0,1961.474683418235,292.1697952408915,40
JimmyButler,2164.0166666399996,1307.0,288.0,108.0,117.0,24.0,78.0,921.0,437.0,200.0,70.0,425.0,363.0,80.0,234.0,314.0,4325.906399323062,1085.864726152564,59
JoakimNoah,40.149999999,12.0,4.0,4.0,2.0,2.0,5.0,10.0,5.0,0.0,0.0,4.0,2.0,6.0,8.0,14.0,85.4075543728473,13.59999219181582,7
JodieMeeks,1118.699999997,487.0,70.0,38.0,29.0,4.0,55.0,393.0,157.0,210.0,72.0,117.0,101.0,15.0,111.0,126.0,2296.6511218698824,432.79456935975696,77
JoeHarris,1974.4833333699994,846.0,128.0,91.0,35.0,20.0,153.0,622.0,305.0,358.0,150.0,104.0,86.0,53.0,209.0,262.0,4108.275885386271,683.6422426886515,78
JoeIngles,2578.2166666399994,940.0,392.0,158.0,91.0,20.0,178.0,718.0,335.0,464.0,204.0,83.0,66.0,24.0,320.0,344.0,5210.78575525756,826.8656450075072,82
JoeJohnson,1176.0833333399999,372.0,83.0,49.0,18.0,7.0,67.0,360.0,146.0,145.0,40.0,45.0,40.0,14.0,158.0,172.0,2376.805825639954,381.54559970117515,55
JoelBolomboy,37.78333333,9.0,0.0,2.0,2.0,0.0,3.0,6.0,3.0,1.0,0.0,6.0,3.0,6.0,4.0,10.0,76.34157436784402,8.913040983990655,6
JoelEmbiid,1911.8999999729997,1445.0,199.0,233.0,40.0,112.0,209.0,1053.0,510.0,214.0,66.0,467.0,359.0,143.0,546.0,689.0,3958.0097905691036,1341.0638166132856,63
JoffreyLauvergne,533.93333334,226.0,41.0,33.0,9.0,3.0,45.0,190.0,98.0,5.0,0.0,47.0,30.0,62.0,108.0,170.0,1098.2412375101355,217.01787038560713,55
JohnCollins,1784.6666666499996,777.0,98.0,105.0,47.0,80.0,215.0,546.0,314.0,47.0,16.0,186.0,133.0,176.0,365.0,541.0,3689.037384967722,659.4222913187397,74
JohnHenson,1969.43333331,665.0,114.0,85.0,45.0,110.0,202.0,501.0,287.0,7.0,1.0,158.0,90.0,148.0,365.0,513.0,3981.314476515792,598.4697845334944,76
JohnHolland,174.45000000300007,54.0,5.0,8.0,7.0,2.0,10.0,59.0,17.0,36.0,11.0,13.0,9.0,6.0,18.0,24.0,361.26062500774094,65.72724766250218,24
JohnWall,1409.8333333499995,797.0,393.0,159.0,57.0,45.0,80.0,665.0,280.0,167.0,62.0,241.0,175.0,21.0,127.0,148.0,2939.3636525343854,839.6646601768576,41
JohnathanMotley,175.766666663,96.0,7.0,9.0,3.0,2.0,18.0,75.0,40.0,6.0,1.0,28.0,15.0,14.0,35.0,49.0,343.66959342836464,82.86490598192121,11
JohnnyOBryant,379.05000000399997,171.0,14.0,15.0,8.0,6.0,45.0,171.0,68.0,43.0,14.0,25.0,21.0,29.0,65.0,94.0,785.4006909463808,178.51014775211877,36
JonLeuer,136.46666667000002,43.0,5.0,8.0,1.0,3.0,16.0,36.0,15.0,3.0,0.0,15.0,13.0,7.0,25.0,32.0,286.8860534458483,45.57867556166854,8
JonasJerebko,1133.5166666510002,429.0,42.0,27.0,24.0,13.0,127.0,341.0,159.0,157.0,65.0,57.0,46.0,53.0,193.0,246.0,2262.7970818409613,355.3381415615044,74
JonasValanciunas,1727.2666666499997,980.0,81.0,115.0,29.0,69.0,192.0,687.0,390.0,74.0,30.0,211.0,170.0,184.0,476.0,660.0,3567.114605276215,799.6968785408841,77
JonathanGibson,39.933333336000004,34.0,4.0,3.0,0.0,0.0,5.0,23.0,14.0,12.0,6.0,0.0,0.0,0.0,3.0,3.0,85.90674813074372,24.67030243052006,4
JonathanIsaac,535.8333333100001,145.0,18.0,27.0,33.0,29.0,48.0,144.0,55.0,46.0,16.0,25.0,19.0,16.0,83.0,99.0,1105.3727196391278,170.9383123750189,27
JonathonSimmons,2029.2333333500003,962.0,171.0,146.0,57.0,17.0,175.0,761.0,354.0,204.0,69.0,241.0,185.0,61.0,179.0,240.0,4199.498472845534,924.9240952645347,69
JordanBell,808.8999999759999,262.0,102.0,51.0,36.0,57.0,92.0,185.0,116.0,4.0,0.0,44.0,30.0,60.0,145.0,205.0,1694.515618076658,235.87938210050189,57
JordanClarkson,1887.400000013,1124.0,221.0,127.0,58.0,6.0,107.0,954.0,430.0,318.0,112.0,190.0,152.0,57.0,159.0,216.0,3963.173142531259,1045.9274991051875,81
JordanCrawford,53.283333337,33.0,14.0,4.0,1.0,1.0,7.0,27.0,12.0,14.0,8.0,1.0,1.0,2.0,1.0,3.0,117.88908657012466,28.346794239941815,5
JordanMickey,284.05000000900003,93.0,9.0,18.0,6.0,10.0,36.0,82.0,39.0,16.0,2.0,19.0,13.0,18.0,63.0,81.0,554.4226531428114,97.44919534168761,23
JoseBarea,1603.3333333370003,801.0,435.0,143.0,35.0,3.0,83.0,690.0,303.0,313.0,115.0,102.0,80.0,16.0,185.0,201.0,3223.0179334457684,801.3498008752948,69
JoseCalderon,914.3000000159998,255.0,117.0,41.0,27.0,2.0,81.0,185.0,93.0,97.0,45.0,30.0,24.0,14.0,69.0,83.0,1823.698356594295,220.18846575032666,57
JosephYoung,558.1166666529999,207.0,39.0,26.0,14.0,1.0,39.0,186.0,80.0,66.0,25.0,29.0,22.0,12.0,51.0,63.0,1121.9530059092945,199.0855836709709,53
JoshGray,86.43333333300001,32.0,12.0,7.0,8.0,2.0,8.0,41.0,11.0,13.0,3.0,11.0,7.0,2.0,8.0,10.0,187.84497187411787,47.479226024368515,5
JoshHart,1460.5333333360002,496.0,80.0,47.0,47.0,16.0,107.0,375.0,176.0,197.0,78.0,94.0,66.0,42.0,221.0,263.0,3043.6387609396816,416.28502602209977,63
JoshHuestis,981.583333338,159.0,20.0,26.0,15.0,43.0,82.0,182.0,60.0,115.0,33.0,20.0,6.0,43.0,119.0,162.0,1966.8133581382117,193.1859813733816,69
JoshJackson,1959.1833332899994,1012.0,120.0,146.0,80.0,35.0,218.0,932.0,389.0,217.0,57.0,279.0,177.0,95.0,256.0,351.0,4178.282284594363,1082.6816740342729,77
JoshMagette,216.23333332899998,46.0,57.0,9.0,8.0,1.0,16.0,46.0,15.0,22.0,8.0,8.0,8.0,2.0,17.0,19.0,439.92224717964234,53.51229664555056,18
JoshMcRoberts,5.75,0.0,0.0,0.0,0.0,0.0,2.0,1.0,0.0,1.0,0.0,0.0,0.0,0.0,0.0,0.0,11.820297499899695,0.990002750126115,2
JoshRichardson,2689.46666665,1045.0,231.0,138.0,122.0,74.0,199.0,885.0,399.0,336.0,127.0,142.0,120.0,68.0,216.0,284.0,5435.07894871141,984.0371354721306,81
JoshSmith,11.833333334,2.0,0.0,0.0,0.0,0.0,3.0,2.0,1.0,0.0,0.0,0.0,0.0,1.0,1.0,2.0,26.004660001318765,3.7041594976577095,3
JrueHoliday,2926.683333329999,1537.0,487.0,216.0,121.0,64.0,201.0,1242.0,615.0,356.0,120.0,238.0,187.0,62.0,303.0,365.0,6225.633180931741,1428.6554657680474,81
JuanHernangomez,277.083333327,82.0,12.0,9.0,6.0,3.0,25.0,75.0,29.0,50.0,14.0,12.0,10.0,18.0,36.0,54.0,558.4621109255372,77.8887785148018,25
JuliusRandle,2190.416666683,1323.0,210.0,213.0,43.0,45.0,274.0,903.0,504.0,45.0,10.0,425.0,305.0,181.0,473.0,654.0,4612.098737850197,1181.3913048036509,82
JulyanStone,174.75000000400001,19.0,26.0,7.0,4.0,2.0,21.0,13.0,6.0,13.0,6.0,2.0,1.0,1.0,28.0,29.0,365.89549907154975,19.487079865805875,23
JustinAnderson,518.7166666630001,236.0,25.0,16.0,15.0,8.0,54.0,202.0,87.0,103.0,34.0,38.0,28.0,25.0,67.0,92.0,1077.9865078010432,212.57629012265502,38
JustinHoliday,2264.93333334,876.0,153.0,93.0,80.0,31.0,134.0,782.0,290.0,449.0,161.0,164.0,135.0,31.0,260.0,291.0,4735.032225014014,855.7182828826537,72
JustinJackson,1475.1166666529996,453.0,74.0,40.0,28.0,13.0,81.0,418.0,185.0,185.0,57.0,36.0,26.0,27.0,160.0,187.0,2976.671750906315,423.81281055373256,68
JustinPatton,3.733333333,2.0,0.0,0.0,1.0,0.0,1.0,2.0,1.0,0.0,0.0,0.0,0.0,0.0,0.0,0.0,9.167619999181461,2.062714499815829,1
JustiseWinslow,1680.4666666729997,529.0,148.0,77.0,53.0,33.0,140.0,487.0,207.0,130.0,49.0,104.0,66.0,64.0,306.0,370.0,3403.2978375127473,553.7098548558437,68
JusufNurkic,2088.1500000100004,1132.0,143.0,183.0,64.0,111.0,247.0,951.0,480.0,7.0,0.0,273.0,172.0,189.0,519.0,708.0,4298.668103146621,1126.2050831597367,79
KadeemAllen,107.200000004,19.0,12.0,9.0,3.0,2.0,15.0,22.0,6.0,11.0,0.0,9.0,7.0,4.0,7.0,11.0,217.56068471833305,30.450597754040764,18
KarlAnthonyTowns,2918.2166666799994,1743.0,199.0,160.0,64.0,116.0,285.0,1171.0,639.0,285.0,120.0,402.0,345.0,241.0,774.0,1015.0,5875.240215652732,1344.1359584502845,82
KawhiLeonard,209.86666666999997,146.0,21.0,16.0,18.0,9.0,9.0,111.0,52.0,35.0,11.0,38.0,31.0,6.0,36.0,42.0,424.68248282035745,132.43171701930083,9
KayFelder,139.549999992,57.0,20.0,16.0,3.0,1.0,11.0,70.0,21.0,19.0,4.0,12.0,11.0,3.0,15.0,18.0,288.44935279646086,82.36486059977078,16
KellyOlynyk,1778.6666666399992,872.0,207.0,148.0,62.0,35.0,222.0,636.0,316.0,280.0,106.0,174.0,134.0,89.0,342.0,431.0,3551.2701880680547,779.5863079576643,76
KellyOubre,2230.69999999,953.0,98.0,90.0,80.0,35.0,234.0,790.0,318.0,369.0,126.0,233.0,191.0,59.0,303.0,362.0,4591.371685290589,884.051815842501,81
KembaWalker,2735.88333332,1770.0,444.0,179.0,92.0,24.0,98.0,1363.0,588.0,601.0,231.0,420.0,363.0,32.0,216.0,248.0,5690.542068721078,1556.8532066642338,80
KendrickPerkins,14.53333333,3.0,2.0,1.0,1.0,0.0,1.0,2.0,1.0,0.0,0.0,2.0,1.0,0.0,1.0,1.0,30.928204992906373,3.556743574184233,1
KennethFaried,460.7499999909999,188.0,18.0,23.0,12.0,13.0,51.0,148.0,76.0,1.0,0.0,51.0,36.0,68.0,86.0,154.0,932.9054590429675,164.72371520808358,32
KentBazemore,1789.2166666599994,836.0,228.0,157.0,100.0,45.0,147.0,676.0,284.0,274.0,108.0,201.0,160.0,25.0,222.0,247.0,3698.7994002972546,842.0027806449062,65
KentaviousCaldwellPope,2457.916666680001,992.0,163.0,97.0,106.0,16.0,145.0,797.0,340.0,414.0,159.0,194.0,153.0,60.0,327.0,387.0,5209.310225652711,883.1673553669663,74
KevinDurant,2325.04999998,1792.0,366.0,208.0,50.0,119.0,133.0,1221.0,630.0,413.0,173.0,404.0,359.0,32.0,433.0,465.0,4953.564347142983,1480.7928116224602,68
KevinLove,1651.1166666600002,1039.0,103.0,90.0,43.0,24.0,120.0,730.0,334.0,330.0,137.0,266.0,234.0,101.0,444.0,545.0,3370.0208059252145,846.4557527197278,59
KevonLooney,910.149999982,267.0,42.0,31.0,34.0,55.0,106.0,192.0,112.0,5.0,1.0,77.0,42.0,84.0,132.0,216.0,1882.7479446510158,231.95904484454405,66
KhemBirch,578.4166666740001,178.0,34.0,21.0,15.0,21.0,56.0,126.0,68.0,0.0,0.0,61.0,42.0,70.0,110.0,180.0,1158.6840237639578,152.3469638087987,41
KhrisMiddleton,2981.8666666400004,1652.0,328.0,191.0,118.0,21.0,270.0,1271.0,593.0,406.0,146.0,362.0,320.0,45.0,382.0,427.0,6064.30156056841,1488.1660554635428,82
KlayThompson,2504.199999969999,1459.0,186.0,127.0,56.0,34.0,117.0,1178.0,574.0,520.0,229.0,98.0,82.0,31.0,246.0,277.0,5264.265507127563,1247.9096234967424,73
KobiSimmons,643.083333346,196.0,68.0,44.0,18.0,5.0,61.0,189.0,80.0,39.0,11.0,25.0,25.0,14.0,36.0,50.0,1300.7771012762735,218.46024758788187,32
KostaKoufos,1391.0833333440005,477.0,87.0,49.0,48.0,32.0,146.0,389.0,222.0,0.0,0.0,74.0,33.0,149.0,323.0,472.0,2746.847592517392,418.0844057208112,71
KrisDunn,1524.8333333399999,699.0,310.0,150.0,104.0,28.0,174.0,666.0,286.0,134.0,43.0,114.0,84.0,23.0,197.0,220.0,3190.298082829517,789.2591719114906,52
KristapsPorzingis,1553.1666666500003,1088.0,57.0,93.0,36.0,115.0,141.0,889.0,390.0,229.0,90.0,275.0,218.0,62.0,254.0,316.0,3175.0159202792815,986.6680013717672,48
KyleAnderson,1978.1000000000004,585.0,202.0,94.0,116.0,60.0,114.0,438.0,231.0,57.0,19.0,146.0,104.0,84.0,311.0,395.0,3947.5346865614106,537.4364456375683,74
KyleCollinsworth,479.56666665999995,101.0,56.0,24.0,17.0,9.0,44.0,99.0,38.0,17.0,4.0,40.0,21.0,32.0,75.0,107.0,960.926109681895,123.65777829015207,32
KyleKorver,1573.8833333209996,672.0,88.0,55.0,31.0,27.0,130.0,484.0,222.0,376.0,164.0,72.0,64.0,9.0,155.0,164.0,3285.8389231014653,523.8709584444158,73
KyleKuzma,2400.93333335,1242.0,141.0,140.0,49.0,34.0,160.0,1039.0,468.0,435.0,159.0,208.0,147.0,89.0,395.0,484.0,5090.329547220177,1142.125750981114,77
KyleLowry,2509.3999999800008,1267.0,537.0,183.0,85.0,18.0,192.0,943.0,403.0,596.0,238.0,261.0,223.0,67.0,368.0,435.0,5214.41659058488,1120.4738093486303,78
KyleOQuinn,1386.6333332869997,550.0,158.0,100.0,35.0,98.0,192.0,384.0,224.0,17.0,4.0,127.0,98.0,121.0,349.0,470.0,2814.967873342405,488.001056067999,77
KyleSingler,58.833333329,23.0,2.0,3.0,1.0,0.0,4.0,21.0,7.0,5.0,2.0,13.0,7.0,1.0,9.0,10.0,116.56104280370012,26.43246061333731,12
KyrieIrving,1931.449999993,1466.0,306.0,139.0,65.0,17.0,122.0,1087.0,534.0,407.0,166.0,261.0,232.0,33.0,194.0,227.0,3952.6464243609726,1215.8948303518755,60
LaMarcusAldridge,2508.61666668,1735.0,152.0,112.0,43.0,89.0,161.0,1347.0,687.0,92.0,27.0,399.0,334.0,245.0,389.0,634.0,4948.2894931502615,1454.6180417293106,75
LanceStephenson,1850.0666666429993,757.0,235.0,131.0,48.0,16.0,177.0,709.0,303.0,232.0,67.0,127.0,84.0,62.0,362.0,424.0,3737.214198386408,799.8890722955639,82
LanceThomas,1353.0666666239997,298.0,44.0,41.0,30.0,14.0,134.0,267.0,102.0,124.0,50.0,53.0,44.0,44.0,131.0,175.0,2735.5653392904783,297.30912943217174,73
LangstonGalloway,863.4499999820001,360.0,58.0,18.0,36.0,5.0,39.0,339.0,126.0,217.0,75.0,41.0,33.0,13.0,79.0,92.0,1736.874129342102,338.61382076847445,58
LarryDrew,70.04999999999998,17.0,10.0,3.0,0.0,0.0,6.0,24.0,7.0,9.0,3.0,0.0,0.0,3.0,0.0,3.0,136.51027156058734,23.67124300007778,10
LarryNance,1420.5499999969995,573.0,82.0,51.0,89.0,39.0,172.0,414.0,240.0,12.0,2.0,137.0,91.0,161.0,291.0,452.0,2973.305558436198,469.6306778178787,66
LauriMarkkanen,2020.0666666600005,1033.0,79.0,83.0,40.0,41.0,103.0,861.0,374.0,400.0,145.0,166.0,140.0,79.0,429.0,508.0,4175.344040296575,921.8040307953571,68
LeBronJames,3025.6666666700003,2251.0,745.0,348.0,117.0,71.0,135.0,1579.0,857.0,406.0,149.0,531.0,388.0,97.0,615.0,712.0,6246.43317719445,1975.7584436811007,82
LondonPerrantes,65.533333339,7.0,5.0,1.0,2.0,1.0,6.0,13.0,2.0,3.0,0.0,5.0,3.0,1.0,3.0,4.0,129.4362403235117,13.990001119534526,14
LonzoBall,1780.06666666,528.0,376.0,136.0,87.0,42.0,117.0,564.0,203.0,295.0,90.0,71.0,32.0,68.0,291.0,359.0,3826.228618422252,656.2050256916779,52
LorenzoBrown,138.549999997,32.0,13.0,3.0,6.0,0.0,7.0,34.0,14.0,12.0,2.0,2.0,2.0,1.0,13.0,14.0,272.2742412435187,34.26632679150988,14
LouWilliams,2588.84999997,1782.0,417.0,235.0,85.0,20.0,106.0,1337.0,582.0,518.0,186.0,491.0,432.0,40.0,158.0,198.0,5469.770140252036,1600.629271592642,79
LucRichardMbahAMoute,1564.3333333669998,460.0,55.0,69.0,72.0,26.0,100.0,345.0,166.0,173.0,63.0,95.0,65.0,22.0,164.0,186.0,3192.4514772520697,419.161640433756,61
LucasNogueira,417.6999999840001,122.0,22.0,16.0,23.0,43.0,49.0,80.0,49.0,19.0,5.0,28.0,19.0,18.0,69.0,87.0,848.9704884063239,101.10291360739312,49
LuisMontero,7.949999999999999,0.0,0.0,2.0,0.0,0.0,0.0,1.0,0.0,0.0,0.0,0.0,0.0,0.0,2.0,2.0,15.28587500017978,2.7255107003427144,2
LukeBabbitt,714.8000000029999,259.0,31.0,19.0,9.0,7.0,54.0,215.0,91.0,156.0,60.0,22.0,17.0,7.0,89.0,96.0,1471.0955462571428,221.2098104805268,50
LukeKennard,1462.8166666570003,558.0,124.0,69.0,44.0,12.0,86.0,465.0,206.0,195.0,81.0,76.0,65.0,20.0,155.0,175.0,2940.3392871686733,513.7818475205185,73
LukeKornet,326.48333333899996,134.0,26.0,12.0,5.0,16.0,28.0,125.0,49.0,79.0,28.0,11.0,8.0,11.0,53.0,64.0,674.6405084494303,129.5060302848684,20
LuolDeng,13.13333333,2.0,1.0,1.0,1.0,0.0,0.0,2.0,1.0,0.0,0.0,0.0,0.0,0.0,0.0,0.0,30.175474992341247,2.65544179932603,1
MalachiRichardson,323.333333333,89.0,13.0,10.0,10.0,1.0,27.0,90.0,30.0,40.0,12.0,22.0,17.0,5.0,29.0,34.0,650.0757656229822,99.04790845743457,26
MalcolmBrogdon,1436.00000001,625.0,152.0,66.0,41.0,13.0,128.0,503.0,244.0,161.0,62.0,85.0,75.0,23.0,133.0,156.0,2898.3570240781996,560.166178566006,48
MalcolmDelaney,1014.1500000399999,338.0,163.0,66.0,36.0,6.0,82.0,285.0,109.0,124.0,46.0,92.0,74.0,9.0,91.0,100.0,2082.3821047710385,355.10718050071,54
MalcolmMiller,125.750000007,38.0,3.0,5.0,1.0,2.0,10.0,28.0,13.0,21.0,8.0,4.0,4.0,4.0,12.0,16.0,256.42446845179126,31.147331776009683,15
MalikBeasley,582.7500000109999,196.0,31.0,24.0,15.0,7.0,36.0,178.0,73.0,82.0,28.0,33.0,22.0,14.0,57.0,71.0,1213.8995618981855,192.07546961600187,62
MalikMonk,853.9833333219999,421.0,91.0,49.0,20.0,9.0,60.0,425.0,153.0,243.0,83.0,38.0,32.0,8.0,59.0,67.0,1789.2731346637315,442.02050648430173,63
MangokMathiang,19.8,8.0,0.0,0.0,1.0,0.0,5.0,7.0,4.0,0.0,0.0,1.0,0.0,3.0,7.0,10.0,42.29282749994569,5.989713812499883,4
ManuGinobili,1298.9166666870003,576.0,163.0,105.0,43.0,16.0,126.0,463.0,201.0,192.0,64.0,131.0,110.0,19.0,123.0,142.0,2637.5658891015546,559.6545033218929,65
MarShonBrooks,192.58333333999997,141.0,25.0,16.0,11.0,3.0,6.0,102.0,51.0,32.0,19.0,23.0,20.0,9.0,13.0,22.0,394.24587813695086,110.91424627902418,7
MarcGasol,2408.34999998,1258.0,305.0,195.0,54.0,102.0,185.0,1033.0,434.0,320.0,109.0,337.0,281.0,78.0,514.0,592.0,4777.542904023392,1248.1315076958883,73
MarcinGortat,2074.4999999599995,690.0,151.0,99.0,40.0,61.0,175.0,560.0,290.0,0.0,0.0,163.0,110.0,181.0,441.0,622.0,4208.529314605519,655.422831478616,82
MarcoBelinelli,1947.3333333129995,971.0,148.0,94.0,64.0,11.0,91.0,763.0,337.0,395.0,149.0,163.0,148.0,19.0,132.0,151.0,4050.7460915163238,829.1936573563629,80
MarcusGeorgesHunt,224.38333333899996,59.0,7.0,3.0,6.0,0.0,32.0,49.0,21.0,15.0,4.0,21.0,13.0,7.0,9.0,16.0,461.83684938644853,53.6023074289727,42
MarcusMorris,1442.0500000299999,734.0,72.0,65.0,35.0,12.0,100.0,611.0,262.0,234.0,86.0,154.0,124.0,43.0,246.0,289.0,2953.7264144363035,672.6924405189006,54
MarcusPaige,28.016666667,12.0,3.0,0.0,0.0,0.0,0.0,14.0,4.0,8.0,2.0,2.0,2.0,0.0,4.0,4.0,55.51989093781267,12.78900395448305,5
MarcusSmart,1613.599999990001,550.0,259.0,129.0,71.0,23.0,133.0,515.0,189.0,249.0,75.0,133.0,97.0,43.0,146.0,189.0,3298.96101560337,634.6579767088709,54
MarioChalmers,1421.3833333659998,507.0,197.0,117.0,79.0,14.0,179.0,443.0,168.0,191.0,53.0,138.0,118.0,13.0,144.0,157.0,2919.333130377641,560.5408750633756,66
MarioHezonja,1657.0833333300006,722.0,107.0,88.0,82.0,30.0,134.0,616.0,273.0,267.0,90.0,105.0,86.0,41.0,240.0,281.0,3394.8455853041846,678.6450267573192,75
MarkelBrown,31.483333337,5.0,2.0,2.0,0.0,0.0,6.0,7.0,2.0,5.0,1.0,0.0,0.0,1.0,4.0,5.0,61.91531156941597,8.361191932639208,4
MarkelleFultz,252.98333333,100.0,53.0,15.0,11.0,4.0,22.0,111.0,45.0,1.0,0.0,21.0,10.0,12.0,32.0,44.0,552.9220812426857,124.51904514136177,14
MarkieffMorris,1967.7666666770003,841.0,142.0,126.0,57.0,36.0,216.0,687.0,330.0,207.0,76.0,128.0,105.0,76.0,335.0,411.0,3979.803894706787,786.0690670366187,73
MarqueseChriss,1526.900000033,556.0,83.0,107.0,52.0,70.0,205.0,477.0,202.0,190.0,56.0,158.0,96.0,76.0,320.0,396.0,3236.121996323661,583.865085132906,72
MarquisTeague,73.78333333,11.0,13.0,3.0,4.0,0.0,5.0,16.0,4.0,4.0,1.0,5.0,2.0,1.0,5.0,6.0,151.88485124290705,19.155719926656886,3
MarreeseSpeights,675.0333333199999,402.0,40.0,40.0,8.0,22.0,106.0,349.0,138.0,233.0,86.0,55.0,40.0,21.0,112.0,133.0,1383.5568518537257,376.1019713126191,52
MarshallPlumlee,51.76666667,14.0,2.0,3.0,0.0,1.0,10.0,3.0,1.0,0.0,0.0,16.0,12.0,4.0,13.0,17.0,111.99561313198996,11.830982223169315,8
MarvinWilliams,2005.84999999,744.0,96.0,66.0,56.0,39.0,116.0,563.0,258.0,306.0,126.0,123.0,102.0,74.0,296.0,370.0,4184.179663103443,615.6412186628279,78
MasonPlumlee,1439.4666666559995,524.0,141.0,106.0,49.0,80.0,183.0,368.0,221.0,1.0,0.0,179.0,82.0,132.0,268.0,400.0,2966.640754657272,490.557074202164,74
MattCostello,32.200000004,4.0,2.0,1.0,2.0,2.0,7.0,4.0,2.0,0.0,0.0,0.0,0.0,1.0,8.0,9.0,62.9650381329686,4.360121556204661,4
MattWilliams,11.4,5.0,0.0,1.0,0.0,0.0,1.0,6.0,2.0,5.0,1.0,0.0,0.0,0.0,1.0,1.0,22.353918125233612,6.829657412261353,3
MatthewDellavedova,712.0499999899998,164.0,145.0,49.0,13.0,1.0,67.0,152.0,55.0,78.0,29.0,27.0,25.0,15.0,50.0,65.0,1417.7832762286341,197.74390331753455,38
MaxiKleber,1206.133333329,386.0,51.0,30.0,26.0,47.0,114.0,309.0,151.0,128.0,40.0,59.0,44.0,71.0,163.0,234.0,2435.5209140529646,336.4783062647391,72
MeyersLeonard,253.64999999699998,112.0,17.0,10.0,7.0,0.0,36.0,78.0,46.0,26.0,11.0,11.0,9.0,12.0,58.0,70.0,519.1749268683275,85.76462554449375,33
MichaelBeasley,1653.4666666360006,976.0,123.0,143.0,36.0,43.0,145.0,805.0,409.0,86.0,34.0,159.0,124.0,96.0,317.0,413.0,3391.9291655628367,905.8970944892172,74
MichaelCarterWilliams,834.7499999869998,239.0,116.0,54.0,45.0,23.0,99.0,229.0,76.0,59.0,14.0,89.0,73.0,37.0,101.0,138.0,1678.404832470122,283.4334131864151,52
MichaelKiddGilchrist,1850.3833333339996,681.0,71.0,53.0,51.0,31.0,143.0,560.0,282.0,2.0,0.0,171.0,117.0,84.0,217.0,301.0,3856.111489997014,621.9130378216347,74
MikeConley,373.23333332999994,205.0,49.0,18.0,12.0,3.0,24.0,168.0,64.0,77.0,24.0,66.0,53.0,0.0,27.0,27.0,741.4687362424218,201.10598645135855,12
MikeJames,686.500000016,336.0,126.0,50.0,28.0,7.0,48.0,320.0,123.0,98.0,26.0,84.0,64.0,13.0,77.0,90.0,1485.613559407226,362.4347862578595,36
MikeMuscala,1060.0666666539998,405.0,51.0,42.0,31.0,27.0,80.0,313.0,143.0,167.0,62.0,62.0,57.0,56.0,174.0,230.0,2241.65838528416,345.2498412897516,53
MikeScott,1406.5166666930006,668.0,80.0,79.0,23.0,10.0,148.0,524.0,276.0,163.0,66.0,76.0,50.0,49.0,197.0,246.0,2869.5571541135264,576.6403399558028,76
MikeYoung,0.0,0.0,0.0,0.0,0.0,0.0,0.0,0.0,0.0,0.0,0.0,0.0,0.0,0.0,0.0,0.0,0.0,0.0,0
MilesPlumlee,917.6666666499999,237.0,45.0,63.0,17.0,30.0,79.0,180.0,105.0,0.0,0.0,60.0,27.0,77.0,151.0,228.0,1898.253678713795,243.2384670621359,55
MilosTeodosic,1134.0833333369999,429.0,209.0,97.0,23.0,5.0,103.0,360.0,151.0,232.0,88.0,46.0,39.0,16.0,110.0,126.0,2390.8246037563576,434.41516256271353,45
MiltonDoyle,124.516666657,34.0,10.0,2.0,6.0,2.0,13.0,47.0,13.0,23.0,4.0,8.0,4.0,3.0,15.0,18.0,258.3275268551441,47.872061314548716,10
MindaugasKuzminskas,1.85,0.0,0.0,0.0,0.0,0.0,0.0,2.0,0.0,0.0,0.0,0.0,0.0,0.0,0.0,0.0,3.4649690625000003,1.7324845312500001,1
MirzaTeletovic,159.16666666999998,71.0,10.0,7.0,4.0,1.0,14.0,57.0,25.0,45.0,21.0,0.0,0.0,3.0,20.0,23.0,323.65236063156146,60.16607762684278,10
MoeHarkless,1263.8000000439997,385.0,53.0,40.0,48.0,43.0,103.0,297.0,147.0,118.0,49.0,59.0,42.0,46.0,116.0,162.0,2585.9163654035674,325.9067151887565,59
MonteMorris,25.28333333,10.0,7.0,1.0,3.0,0.0,1.0,6.0,4.0,1.0,0.0,2.0,2.0,0.0,2.0,2.0,53.73416468049712,7.530328354026601,3
MontrezlHarrell,1293.2,836.0,74.0,67.0,37.0,52.0,143.0,547.0,348.0,7.0,1.0,222.0,139.0,103.0,203.0,306.0,2717.0442371873623,644.1437779924685,76
MykeHenry,378.08333335699996,107.0,22.0,19.0,31.0,6.0,28.0,109.0,41.0,58.0,19.0,10.0,6.0,10.0,28.0,38.0,771.9354775486154,118.28807482358049,20
MylesTurner,1836.0666666400002,828.0,87.0,96.0,37.0,119.0,186.0,639.0,306.0,157.0,56.0,206.0,160.0,93.0,323.0,416.0,3716.38806338577,750.3775554620361,65
NateWolters,18.783333333,2.0,1.0,0.0,0.0,0.0,1.0,6.0,1.0,0.0,0.0,0.0,0.0,1.0,1.0,2.0,34.234065936837524,4.6930307081814115,5
NazMitrouLong,0.5166666670000001,3.0,0.0,0.0,0.0,0.0,0.0,1.0,1.0,1.0,1.0,0.0,0.0,0.0,0.0,0.0,1.4255931259197376,0.7584155429893005,1
NemanjaBjelica,1371.016666696,454.0,86.0,52.0,51.0,16.0,141.0,370.0,171.0,183.0,76.0,45.0,36.0,52.0,220.0,272.0,2802.2340156799964,398.6059041130031,67
Nene,758.400000006,340.0,45.0,39.0,29.0,14.0,123.0,239.0,136.0,2.0,0.0,107.0,68.0,55.0,122.0,177.0,1591.486926571287,298.077566233306,52
NerlensNoel,471.61666665000007,131.0,20.0,26.0,31.0,22.0,59.0,105.0,55.0,1.0,0.0,28.0,21.0,48.0,120.0,168.0,956.2768221548158,128.49625198845513,30
NickCollison,74.81666666599999,31.0,4.0,7.0,0.0,0.0,7.0,19.0,13.0,0.0,0.0,13.0,5.0,7.0,13.0,20.0,152.8330512489293,28.48274861096045,15
NickYoung,1393.183333352,581.0,36.0,41.0,38.0,7.0,100.0,488.0,201.0,326.0,123.0,65.0,56.0,21.0,105.0,126.0,2901.9855081615115,509.8123826074269,80
NicolasBatum,1980.8333333199996,740.0,349.0,131.0,65.0,23.0,72.0,650.0,270.0,274.0,92.0,130.0,108.0,57.0,249.0,306.0,4151.519346532928,757.2608024650995,64
NicolasBrussino,9.916666667000001,0.0,0.0,0.0,0.0,0.0,0.0,2.0,0.0,2.0,0.0,0.0,0.0,0.0,3.0,3.0,20.630775,1.857998175,4
NigelHayes,95.533333333,27.0,6.0,2.0,2.0,3.0,8.0,33.0,11.0,16.0,4.0,3.0,1.0,4.0,18.0,22.0,184.94381468783942,27.8482154257213,9
NikStauskas,523.183333333,181.0,39.0,26.0,9.0,4.0,24.0,154.0,60.0,100.0,40.0,29.0,21.0,4.0,60.0,64.0,1069.0865728133542,176.3348969395282,41
NikolaJokic,2442.65000004,1385.0,459.0,209.0,89.0,61.0,212.0,1008.0,504.0,280.0,111.0,313.0,266.0,193.0,608.0,801.0,4939.200578204522,1192.2117112311294,75
NikolaMirotic,1493.9666666599992,859.0,80.0,64.0,44.0,39.0,108.0,682.0,306.0,358.0,135.0,137.0,112.0,59.0,346.0,405.0,3180.2212062363374,730.6623398705963,55
NikolaVucevic,1683.1500000100002,939.0,191.0,110.0,56.0,63.0,144.0,840.0,399.0,204.0,64.0,94.0,77.0,101.0,424.0,525.0,3554.0867450216965,909.4244934043318,57
NoahVonleh,875.666666661,264.0,34.0,31.0,19.0,17.0,68.0,234.0,104.0,66.0,20.0,58.0,36.0,70.0,241.0,311.0,1789.7436287380883,257.40516102696034,54
NormanPowell,1061.5500000060001,385.0,89.0,66.0,36.0,16.0,111.0,374.0,150.0,186.0,53.0,39.0,32.0,14.0,105.0,119.0,2176.6117072015163,418.4728983482601,70
OGAnunoby,1481.4500000300002,438.0,55.0,45.0,52.0,14.0,130.0,347.0,163.0,197.0,73.0,62.0,39.0,44.0,140.0,184.0,3062.632165376157,378.55856295852516,74
OkaroWhite,79.550000007,20.0,2.0,1.0,1.0,1.0,6.0,16.0,7.0,11.0,4.0,3.0,2.0,3.0,8.0,11.0,161.32773595304602,16.993636928590703,6
OmariJohnson,75.09999999,22.0,7.0,3.0,2.0,0.0,6.0,21.0,9.0,12.0,4.0,0.0,0.0,4.0,7.0,11.0,151.98337341768487,21.307828135553613,4
OmerAsik,182.11666666300002,22.0,3.0,9.0,2.0,4.0,20.0,22.0,9.0,0.0,0.0,13.0,4.0,9.0,38.0,47.0,374.8839187438575,33.69346916273896,18
OmriCasspi,741.5500000369998,300.0,51.0,37.0,18.0,19.0,71.0,207.0,120.0,22.0,10.0,69.0,50.0,30.0,170.0,200.0,1555.2721388285404,252.27748677028384,53
OttoPorter,2431.366666607001,1134.0,157.0,75.0,117.0,39.0,151.0,885.0,445.0,313.0,138.0,128.0,106.0,103.0,389.0,492.0,4932.454748938947,912.1672940177841,77
PJDozier,3.183333333,2.0,0.0,1.0,0.0,0.0,1.0,2.0,1.0,0.0,0.0,0.0,0.0,0.0,1.0,1.0,5.6551653119991565,2.8275826559995783,2
PJTucker,2281.2000000199987,502.0,77.0,75.0,78.0,26.0,205.0,441.0,172.0,310.0,115.0,60.0,43.0,93.0,364.0,457.0,4683.947238478835,487.8432645947431,82
PascalSiakam,1679.1333333139999,587.0,159.0,68.0,61.0,42.0,166.0,498.0,253.0,132.0,29.0,85.0,52.0,79.0,285.0,364.0,3414.8399415222993,546.0661323895999,81
PatConnaughton,1487.8666666660004,441.0,91.0,44.0,23.0,22.0,120.0,390.0,165.0,210.0,74.0,44.0,37.0,37.0,125.0,162.0,3023.121258437348,402.1390176689112,82
PatrickBeverley,333.53333333,134.0,32.0,25.0,19.0,5.0,34.0,119.0,48.0,60.0,24.0,17.0,14.0,16.0,29.0,45.0,661.4451937437589,131.78205345748444,11
PatrickMcCaw,961.1666666559998,229.0,81.0,41.0,43.0,11.0,67.0,226.0,92.0,80.0,19.0,34.0,26.0,17.0,66.0,83.0,2004.2803240402854,260.26144226566123,57
PatrickMills,2106.966666660001,819.0,229.0,105.0,55.0,11.0,128.0,683.0,280.0,414.0,154.0,118.0,105.0,27.0,128.0,155.0,4228.3180431113215,751.372390759106,82
PatrickPatterson,1269.9333333459997,318.0,57.0,34.0,49.0,23.0,87.0,265.0,106.0,171.0,66.0,46.0,40.0,33.0,161.0,194.0,2532.9071659641236,289.46925434936446,82
PauGasol,1811.6166666599995,775.0,239.0,108.0,24.0,79.0,121.0,626.0,287.0,120.0,43.0,209.0,158.0,128.0,490.0,618.0,3630.065755925282,743.1964089505317,77
PaulGeorge,2890.766666649999,1734.0,263.0,212.0,161.0,39.0,232.0,1340.0,576.0,609.0,244.0,411.0,338.0,73.0,375.0,448.0,5979.848242465939,1524.3272897467004,79
PaulMillsap,1143.33333333,555.0,103.0,74.0,39.0,44.0,99.0,436.0,202.0,113.0,39.0,161.0,112.0,65.0,180.0,245.0,2328.575765306198,517.0447947927511,38
PaulZipser,824.050000002,218.0,46.0,43.0,20.0,14.0,86.0,234.0,81.0,110.0,37.0,26.0,19.0,13.0,118.0,131.0,1652.0937400041535,264.2564522302162,54
QuincyAcy,1359.216666659,411.0,57.0,60.0,34.0,28.0,149.0,365.0,130.0,292.0,102.0,60.0,49.0,40.0,217.0,257.0,2804.268414048932,412.44029774429947,70
QuincyPondexter,195.69999999600006,45.0,9.0,11.0,8.0,2.0,24.0,49.0,14.0,22.0,3.0,17.0,14.0,8.0,19.0,27.0,398.4938340562858,60.32215769154395,23
QuinnCook,740.5166666719999,312.0,89.0,32.0,12.0,1.0,59.0,252.0,122.0,104.0,46.0,25.0,22.0,10.0,72.0,82.0,1513.5425387631406,271.927307334877,33
RJHunter,45.08333333,19.0,3.0,2.0,3.0,0.0,7.0,20.0,7.0,14.0,3.0,2.0,2.0,0.0,5.0,5.0,90.51874905539277,20.925140248112367,5
RajonRondo,1704.7833332729997,537.0,533.0,150.0,70.0,10.0,119.0,494.0,231.0,150.0,50.0,46.0,25.0,31.0,231.0,262.0,3661.0781520539085,608.192437593445,65
RamonSessions,392.450000002,136.0,77.0,31.0,14.0,2.0,29.0,116.0,42.0,26.0,8.0,57.0,44.0,6.0,32.0,38.0,799.0050921899939,153.03690740784282,28
RashadVaughn,211.98333333299996,64.0,13.0,6.0,4.0,3.0,15.0,56.0,23.0,37.0,14.0,6.0,4.0,3.0,19.0,22.0,417.7578040629211,59.402152884536584,28
RaulNeto,498.166666644,183.0,75.0,36.0,13.0,4.0,38.0,151.0,69.0,47.0,19.0,35.0,26.0,7.0,42.0,49.0,1010.4411693305176,182.69778601506607,41
RaymondFelton,1364.7499999999998,565.0,203.0,75.0,50.0,14.0,91.0,552.0,224.0,230.0,81.0,44.0,36.0,24.0,131.0,155.0,2694.692378126295,582.715678556891,82
ReggieBullock,1731.566666703,698.0,95.0,48.0,47.0,13.0,70.0,546.0,267.0,281.0,125.0,49.0,39.0,28.0,127.0,155.0,3555.2807916355905,552.6209932481017,62
ReggieHearn,6.6333333329999995,3.0,0.0,0.0,0.0,0.0,0.0,2.0,1.0,2.0,1.0,0.0,0.0,0.0,0.0,0.0,13.204578749131068,1.3878692746875,3
ReggieJackson,1200.98333328,656.0,238.0,99.0,26.0,4.0,87.0,578.0,246.0,170.0,52.0,134.0,112.0,29.0,96.0,125.0,2417.914853640733,653.6608166643347,45
RichardJefferson,163.38333332300004,30.0,15.0,5.0,2.0,1.0,11.0,27.0,12.0,7.0,2.0,7.0,4.0,2.0,15.0,17.0,333.0435109164346,31.915397615645105,20
RichaunHolmes,745.9333333200002,311.0,61.0,25.0,20.0,28.0,97.0,242.0,135.0,31.0,4.0,56.0,37.0,58.0,154.0,212.0,1578.8747596579237,261.19941437666745,48
RickyRubio,2254.3000000129996,1008.0,410.0,208.0,122.0,11.0,206.0,827.0,346.0,273.0,96.0,254.0,220.0,44.0,307.0,351.0,4538.683926585996,1036.4931229068131,77
RobertCovington,2531.649999989999,1009.0,156.0,129.0,137.0,72.0,238.0,835.0,345.0,549.0,203.0,136.0,116.0,55.0,377.0,432.0,5323.8671715362925,915.7100540197135,80
RobinLopez,1689.8166667099995,756.0,124.0,107.0,14.0,53.0,109.0,646.0,342.0,14.0,4.0,90.0,68.0,135.0,156.0,291.0,3484.9517863375927,717.7485198044227,64
RodneyHood,1615.3333333369997,882.0,95.0,71.0,45.0,12.0,105.0,751.0,322.0,333.0,127.0,129.0,111.0,22.0,143.0,165.0,3266.7572850083666,806.6926140750045,60
RodneyMcGruder,299.233333326,91.0,17.0,4.0,8.0,3.0,21.0,73.0,36.0,35.0,15.0,8.0,4.0,11.0,21.0,32.0,599.9719687359253,71.17528522891922,18
RodneyPurvis,289.616666683,96.0,17.0,10.0,3.0,3.0,26.0,107.0,35.0,52.0,13.0,15.0,13.0,1.0,26.0,27.0,590.5038734692743,112.89445885374705,16
RonBaker,384.6833333200001,71.0,47.0,18.0,26.0,6.0,33.0,59.0,20.0,33.0,11.0,27.0,20.0,5.0,25.0,30.0,778.4089843484126,80.74889733482661,29
RondaeHollisJefferson,1920.4999999870001,946.0,167.0,122.0,65.0,48.0,145.0,725.0,342.0,54.0,13.0,316.0,249.0,101.0,358.0,459.0,4040.94115215895,896.4464417090528,68
RoyceONeale,1149.733333314,343.0,95.0,56.0,36.0,16.0,105.0,285.0,120.0,118.0,42.0,76.0,61.0,25.0,211.0,236.0,2315.924032771996,336.921528051752,69
RudyGay,1231.1666666530002,655.0,73.0,78.0,46.0,37.0,98.0,537.0,253.0,118.0,37.0,145.0,112.0,76.0,215.0,291.0,2474.548532471993,599.240328821093,57
RudyGobert,1816.0499999969995,756.0,80.0,107.0,45.0,129.0,153.0,443.0,276.0,0.0,0.0,299.0,204.0,165.0,436.0,601.0,3707.1287206210936,613.5482574158957,56
RussellWestbrook,2913.6666666599995,2028.0,819.0,381.0,148.0,20.0,200.0,1687.0,757.0,326.0,97.0,566.0,417.0,151.0,655.0,806.0,6081.461309673921,2019.2904707183036,80
RyanAnderson,1725.1833333299999,617.0,60.0,43.0,24.0,21.0,126.0,480.0,207.0,339.0,131.0,93.0,72.0,94.0,237.0,331.0,3566.4575581200957,510.5042385952933,66
RyanArcidiacono,304.133333324,48.0,35.0,13.0,13.0,0.0,18.0,41.0,17.0,31.0,9.0,6.0,5.0,1.0,24.0,25.0,627.8864109195262,51.15182881172057,24
SalahMejri,728.7833333579999,214.0,35.0,40.0,22.0,67.0,121.0,137.0,88.0,3.0,0.0,66.0,38.0,86.0,160.0,246.0,1442.5065978606242,185.2145833399279,60
SamDekker,882.7666666780001,303.0,38.0,35.0,25.0,9.0,71.0,259.0,128.0,60.0,10.0,56.0,37.0,45.0,131.0,176.0,1855.2148072127648,286.76691151150754,73
ScottyHopson,8.383333333,1.0,1.0,1.0,0.0,0.0,0.0,1.0,0.0,0.0,0.0,2.0,1.0,0.0,0.0,0.0,19.732061249215423,2.3086511661582043,1
SeanKilpatrick,640.050000007,330.0,46.0,37.0,13.0,5.0,33.0,293.0,110.0,143.0,46.0,72.0,64.0,5.0,82.0,87.0,1320.7095206399397,328.4917174785409,52
SemiOjeleye,1150.2833333380001,195.0,20.0,25.0,21.0,4.0,91.0,187.0,65.0,124.0,40.0,41.0,25.0,37.0,124.0,161.0,2309.5166943865293,209.23564009500126,73
SergeIbaka,2093.216666709999,957.0,62.0,90.0,29.0,99.0,209.0,784.0,379.0,297.0,107.0,118.0,94.0,78.0,400.0,478.0,4352.4229410266025,838.391542307965,76
SethCurry,0.0,0.0,0.0,0.0,0.0,0.0,0.0,0.0,0.0,0.0,0.0,0.0,0.0,0.0,0.0,0.0,0.0,0.0,0
ShabazzMuhammad,417.966666647,214.0,14.0,6.0,9.0,3.0,30.0,188.0,84.0,27.0,7.0,50.0,39.0,23.0,53.0,76.0,857.8361893378983,197.74420598896143,43
ShabazzNapier,1535.4999999699996,644.0,150.0,90.0,81.0,14.0,84.0,531.0,223.0,218.0,82.0,138.0,116.0,26.0,144.0,170.0,3084.8475796318157,611.9180601071153,74
ShaneLarkin,774.699999983,231.0,98.0,33.0,30.0,3.0,58.0,219.0,84.0,86.0,31.0,37.0,32.0,15.0,77.0,92.0,1530.5277074668277,241.67725257696787,54
ShaquilleHarrison,384.46666666600004,152.0,55.0,22.0,26.0,7.0,42.0,124.0,59.0,26.0,6.0,38.0,28.0,9.0,52.0,61.0,823.4397978113783,147.9369594946695,23
ShaunLivingston,1129.3333333369997,394.0,140.0,58.0,34.0,20.0,117.0,343.0,172.0,5.0,0.0,61.0,50.0,32.0,99.0,131.0,2326.272660942231,398.95630574603155,71
ShelvinMack,1365.0166666889997,473.0,271.0,89.0,54.0,8.0,91.0,414.0,178.0,139.0,48.0,97.0,69.0,23.0,142.0,165.0,2767.435185672382,493.7489818364311,69
SindariusThornwell,1155.9166666919998,282.0,67.0,53.0,47.0,26.0,125.0,233.0,100.0,61.0,23.0,88.0,59.0,33.0,107.0,140.0,2412.0822000572066,294.2268674442371,73
SkalLabissiere,1240.3166666910001,523.0,72.0,73.0,25.0,49.0,132.0,458.0,205.0,51.0,18.0,118.0,95.0,99.0,189.0,288.0,2503.2655072402567,522.6085677328311,60
SolomonHill,187.116666666,29.0,22.0,9.0,7.0,1.0,22.0,41.0,11.0,21.0,4.0,6.0,3.0,9.0,27.0,36.0,413.54927281033224,47.76359632003148,12
SpencerDinwiddie,2306.1000000000004,1007.0,523.0,129.0,68.0,24.0,186.0,838.0,324.0,433.0,141.0,268.0,218.0,40.0,219.0,259.0,4735.529101870139,974.923085474084,80
StanleyJohnson,1893.5166666800003,599.0,112.0,77.0,95.0,14.0,169.0,560.0,210.0,234.0,67.0,145.0,112.0,33.0,219.0,252.0,3852.2480597132376,632.3161368965349,69
StephenCurry,1630.7666666630003,1346.0,309.0,153.0,80.0,8.0,114.0,864.0,428.0,501.0,212.0,302.0,278.0,36.0,225.0,261.0,3565.6030437393574,1062.0422595211708,51
SterlingBrown,776.4500000009997,217.0,25.0,25.0,31.0,13.0,80.0,205.0,82.0,91.0,32.0,24.0,21.0,27.0,116.0,143.0,1575.0716471891715,219.95664272303188,54
StevenAdams,2486.84999999,1056.0,88.0,129.0,92.0,80.0,215.0,712.0,448.0,2.0,0.0,286.0,160.0,384.0,300.0,684.0,5146.347542169053,830.2590103619609,76
TJLeaf,459.23333334200004,156.0,9.0,10.0,5.0,4.0,45.0,136.0,64.0,42.0,18.0,16.0,10.0,29.0,53.0,82.0,937.1103397059354,134.965808069098,53
TJMcConnell,1706.1833333930006,478.0,303.0,114.0,92.0,13.0,122.0,422.0,210.0,63.0,27.0,39.0,31.0,38.0,189.0,227.0,3605.9080819982355,498.51963439898077,76
TJWarren,2141.79999999,1271.0,85.0,84.0,65.0,41.0,149.0,1063.0,529.0,90.0,20.0,255.0,193.0,125.0,207.0,332.0,4532.4725840436695,1124.8207887451788,65
TajGibson,2726.399999953001,999.0,99.0,89.0,62.0,58.0,218.0,736.0,425.0,35.0,7.0,185.0,142.0,192.0,391.0,583.0,5536.670565840498,812.5261756391466,82
TarikBlack,498.40000001300007,180.0,13.0,35.0,21.0,30.0,107.0,127.0,75.0,11.0,1.0,63.0,29.0,64.0,100.0,164.0,1044.3135381535017,159.72503875055224,51
TaureanPrince,2464.0499999900007,1158.0,214.0,191.0,84.0,42.0,168.0,975.0,415.0,457.0,176.0,180.0,152.0,50.0,339.0,389.0,5142.827074665216,1135.7409223749821,82
TerranceFerguson,763.0833333090001,189.0,19.0,11.0,25.0,10.0,83.0,169.0,70.0,120.0,40.0,10.0,9.0,19.0,27.0,46.0,1535.9798711984326,163.16016965038392,61
TerrenceRoss,600.116666687,209.0,38.0,29.0,27.0,12.0,45.0,191.0,76.0,93.0,30.0,36.0,27.0,10.0,63.0,73.0,1280.3736275441313,217.36472500971672,24
TerryRozier,2068.1666666300002,900.0,232.0,80.0,78.0,20.0,123.0,800.0,316.0,402.0,153.0,149.0,115.0,63.0,313.0,376.0,4181.685089924691,854.0865695626783,80
ThaboSefolosha,805.6000000070003,312.0,33.0,30.0,51.0,12.0,59.0,240.0,118.0,84.0,32.0,54.0,44.0,29.0,132.0,161.0,1608.317662204208,270.68164122303403,38
ThaddeusYoung,2607.1999999400005,955.0,152.0,104.0,133.0,37.0,175.0,865.0,421.0,182.0,58.0,92.0,55.0,184.0,330.0,514.0,5245.865655820931,914.6606299997586,81
ThomasBryant,72.283333338,22.0,6.0,2.0,1.0,2.0,6.0,21.0,8.0,10.0,1.0,9.0,5.0,3.0,14.0,17.0,148.72952532192625,25.131876297868704,15
ThonMaker,1237.8999999899993,356.0,46.0,44.0,39.0,53.0,162.0,316.0,130.0,104.0,31.0,93.0,65.0,75.0,150.0,225.0,2482.051866227821,372.2768176607165,74
TimFrazier,837.933333347,176.0,194.0,58.0,48.0,8.0,97.0,172.0,68.0,56.0,17.0,30.0,23.0,18.0,98.0,116.0,1684.0395412758762,218.54820816386206,59
TimHardaway,1884.9833332900002,996.0,155.0,92.0,63.0,10.0,123.0,856.0,360.0,410.0,130.0,179.0,146.0,32.0,192.0,224.0,3912.3788720990274,908.9175590619727,57
TimQuarterman,12.749999999,4.0,1.0,2.0,0.0,0.0,1.0,3.0,1.0,2.0,0.0,2.0,2.0,0.0,3.0,3.0,29.601673747859813,5.480514668404416,3
TimofeyMozgov,359.48333332899995,131.0,11.0,33.0,5.0,13.0,39.0,93.0,52.0,18.0,4.0,30.0,23.0,32.0,66.0,98.0,774.8507524898748,127.8914578355459,31
TimotheLuwawuCabarrot,806.4499999960001,299.0,54.0,38.0,12.0,5.0,97.0,267.0,100.0,158.0,53.0,58.0,46.0,14.0,58.0,72.0,1704.5593056137125,295.7285402792776,52
TobiasHarris,2668.0166666500004,1486.0,192.0,104.0,70.0,35.0,164.0,1221.0,562.0,445.0,183.0,216.0,179.0,57.0,379.0,436.0,5476.958722781203,1275.9445665179965,80
TomasSatoransky,1642.666666676,524.0,286.0,83.0,51.0,14.0,131.0,384.0,201.0,101.0,47.0,96.0,75.0,72.0,160.0,232.0,3327.633550335645,457.49762285627804,73
TonyAllen,272.56666667999997,103.0,9.0,19.0,11.0,3.0,49.0,91.0,44.0,12.0,4.0,21.0,11.0,20.0,27.0,47.0,578.786900342039,109.46993977016245,22
TonyBradley,29.099999998999998,8.0,1.0,0.0,0.0,0.0,1.0,11.0,3.0,1.0,0.0,2.0,2.0,4.0,7.0,11.0,59.61721562296274,10.092162529676294,9
TonyParker,1070.8833333400003,421.0,195.0,68.0,28.0,1.0,52.0,388.0,178.0,37.0,10.0,78.0,55.0,7.0,88.0,95.0,2145.8250928247394,443.4026968908415,55
TonySnell,2053.3666666769996,516.0,99.0,37.0,47.0,28.0,115.0,425.0,185.0,268.0,108.0,48.0,38.0,9.0,132.0,141.0,4186.120998146862,445.514354980211,75
TorreyCraig,628.8999999870001,163.0,25.0,19.0,12.0,15.0,63.0,137.0,62.0,58.0,17.0,35.0,22.0,40.0,87.0,127.0,1287.9976380975781,157.2942313048121,39
TravisWear,227.81666667999994,75.0,7.0,6.0,4.0,5.0,30.0,72.0,25.0,47.0,17.0,8.0,8.0,0.0,38.0,38.0,470.7785156508514,73.89790642661835,17
TreveonGraham,1049.5499999979995,273.0,59.0,27.0,33.0,2.0,109.0,221.0,96.0,97.0,40.0,59.0,41.0,42.0,79.0,121.0,2148.0742146855264,244.47939392159083,63
TrevorAriza,2268.95,782.0,105.0,54.0,98.0,13.0,132.0,651.0,268.0,462.0,170.0,89.0,76.0,33.0,262.0,295.0,4699.943985002684,672.6633873328362,67
TrevorBooker,1158.116666643,428.0,82.0,59.0,27.0,21.0,119.0,343.0,177.0,34.0,8.0,93.0,66.0,117.0,201.0,318.0,2402.4862674509363,393.99823782377433,68
TreyBurke,784.650000016,461.0,170.0,43.0,24.0,4.0,43.0,384.0,193.0,105.0,38.0,57.0,37.0,13.0,58.0,71.0,1610.8044940935733,407.3960688349125,36
TreyLyles,1390.700000007,724.0,91.0,61.0,30.0,34.0,111.0,550.0,270.0,218.0,83.0,143.0,101.0,55.0,291.0,346.0,2834.1192378333158,600.050670598138,73
TreyMcKinneyJones,1.233333333,0.0,0.0,0.0,0.0,0.0,0.0,0.0,0.0,0.0,0.0,0.0,0.0,0.0,0.0,0.0,2.8512893742293817,0.0,1
TristanThompson,1071.999999993,307.0,33.0,36.0,16.0,18.0,102.0,237.0,132.0,0.0,0.0,79.0,43.0,126.0,225.0,351.0,2223.412767797725,274.76784771433444,53
TroyDaniels,1622.3833333460007,703.0,48.0,56.0,26.0,5.0,137.0,575.0,232.0,458.0,183.0,64.0,56.0,12.0,116.0,128.0,3400.7391928362517,593.5741665484405,79
TroyWilliams,307.216666664,133.0,16.0,19.0,20.0,4.0,34.0,109.0,51.0,38.0,11.0,30.0,20.0,22.0,41.0,63.0,640.9957812440678,124.42876686207367,21
TylerCavanaugh,518.4500000039999,183.0,27.0,14.0,9.0,4.0,61.0,152.0,67.0,89.0,32.0,21.0,17.0,45.0,82.0,127.0,1077.2223550081922,156.20363624011551,39
TylerDorsey,974.2500000300001,405.0,79.0,36.0,16.0,5.0,63.0,384.0,144.0,200.0,72.0,63.0,45.0,17.0,113.0,130.0,2024.6200803761328,403.8314682042039,56
TylerEnnis,683.3499999899999,224.0,105.0,38.0,30.0,10.0,75.0,224.0,94.0,56.0,14.0,29.0,22.0,19.0,76.0,95.0,1429.9789246660775,248.71722762507207,54
TylerJohnson,2052.24999999,843.0,165.0,81.0,60.0,34.0,148.0,711.0,309.0,324.0,119.0,129.0,106.0,34.0,214.0,248.0,4152.253496856761,769.2343816346945,72
TylerLydon,2.166666667,0.0,0.0,0.0,0.0,0.0,0.0,0.0,0.0,0.0,0.0,0.0,0.0,0.0,0.0,0.0,3.4056343755239435,0.0,1
TylerUlis,1658.4666666809994,554.0,311.0,127.0,70.0,7.0,120.0,551.0,214.0,146.0,42.0,101.0,84.0,24.0,103.0,127.0,3466.7407844070963,646.8174100755701,71
TylerZeller,1108.19999992,441.0,47.0,47.0,15.0,35.0,126.0,334.0,187.0,28.0,10.0,79.0,57.0,109.0,195.0,304.0,2301.425073582604,370.7911218715251,66
TyrekeEvans,1607.1999999799998,1010.0,269.0,117.0,57.0,17.0,96.0,809.0,366.0,286.0,114.0,209.0,164.0,44.0,221.0,265.0,3197.165238396854,911.7600765723097,52
TyroneWallace,851.2000000099999,291.0,71.0,46.0,27.0,13.0,83.0,247.0,110.0,40.0,10.0,78.0,61.0,21.0,84.0,105.0,1818.621609084571,294.97689445996497,30
TysonChandler,1150.7499999899999,300.0,53.0,59.0,16.0,27.0,106.0,187.0,121.0,0.0,0.0,93.0,58.0,134.0,284.0,418.0,2397.1953327900114,253.92677739061898,46
TyusJones,1466.8666666670001,416.0,232.0,59.0,95.0,5.0,110.0,328.0,150.0,129.0,45.0,81.0,71.0,16.0,116.0,132.0,2928.220659371558,377.82421935961963,82
UdonisHaslem,71.666666666,8.0,5.0,2.0,0.0,2.0,3.0,15.0,3.0,8.0,1.0,2.0,1.0,3.0,7.0,10.0,134.90192718648547,16.070789071373287,14
VanderBlue,44.916666664,3.0,3.0,3.0,1.0,0.0,2.0,5.0,1.0,2.0,0.0,2.0,1.0,0.0,1.0,1.0,93.35730593214464,7.716029807913361,5
VictorOladipo,2552.05,1735.0,323.0,222.0,175.0,58.0,175.0,1339.0,640.0,433.0,161.0,368.0,294.0,47.0,344.0,391.0,5201.4576349987465,1561.0810862428639,75
VinceCarter,1001.1833333429997,313.0,69.0,36.0,42.0,26.0,96.0,284.0,114.0,165.0,57.0,37.0,28.0,18.0,130.0,148.0,2002.419653459218,292.9495224011832,58
VinceHunter,7.400000001,6.0,0.0,1.0,0.0,1.0,0.0,5.0,3.0,0.0,0.0,0.0,0.0,2.0,1.0,3.0,15.43638250185405,3.8678830337517875,4
WadeBaldwin,80.483333337,38.0,5.0,4.0,2.0,1.0,12.0,21.0,14.0,5.0,4.0,10.0,6.0,1.0,7.0,8.0,162.31790094476136,27.336245940778785,7
WalterLemon,35.100000001,17.0,5.0,4.0,0.0,1.0,5.0,16.0,7.0,1.0,1.0,3.0,2.0,0.0,2.0,2.0,78.42451718971775,21.24287979054296,5
WayneEllington,2041.1833333100005,864.0,79.0,52.0,53.0,8.0,94.0,700.0,285.0,579.0,227.0,78.0,67.0,23.0,196.0,219.0,4069.0509508935925,711.7850600035599,77
WayneSelden,691.5666666629999,325.0,66.0,54.0,18.0,5.0,59.0,269.0,116.0,122.0,49.0,59.0,44.0,16.0,40.0,56.0,1425.994346552554,315.75951903788956,35
WesJohnson,1486.4500000099997,403.0,61.0,54.0,77.0,62.0,146.0,368.0,150.0,177.0,60.0,58.0,43.0,28.0,187.0,215.0,3123.4219018984586,405.84073096723426,74
WesleyIwundu,1020.333333324,229.0,57.0,30.0,33.0,12.0,81.0,218.0,93.0,46.0,9.0,47.0,34.0,36.0,101.0,137.0,2069.69829341574,242.65165321504455,62
WesleyMatthews,2131.4333333500003,802.0,172.0,84.0,76.0,16.0,140.0,697.0,283.0,402.0,153.0,101.0,83.0,28.0,170.0,198.0,4281.292857221877,756.5194877510756,63
WillBarton,2682.850000000001,1268.0,331.0,149.0,81.0,51.0,167.0,1029.0,465.0,423.0,156.0,226.0,182.0,70.0,339.0,409.0,5499.433035936728,1129.4869616303718,81
WillieCauleyStein,2013.4333333329996,932.0,172.0,109.0,78.0,66.0,185.0,772.0,388.0,13.0,3.0,247.0,153.0,131.0,379.0,510.0,4055.4336453112287,881.5904666993649,73
WillieReed,427.8999999850001,195.0,10.0,19.0,9.0,22.0,56.0,121.0,81.0,2.0,1.0,55.0,32.0,35.0,87.0,122.0,907.3984080947774,147.7830247874959,42
WillyHernangomez,494.3166666590001,246.0,33.0,34.0,18.0,16.0,64.0,165.0,91.0,12.0,5.0,90.0,59.0,61.0,122.0,183.0,1017.2687387366338,212.4838101201962,48
WilsonChandler,2346.350000017,738.0,160.0,93.0,43.0,39.0,156.0,632.0,281.0,246.0,88.0,114.0,88.0,102.0,297.0,399.0,4777.222934719072,690.5611576688515,74
XavierMunford,20.75,3.0,4.0,2.0,1.0,0.0,4.0,6.0,1.0,2.0,0.0,2.0,1.0,1.0,0.0,1.0,41.36020968731705,7.334490734999999,6
XavierRathanMayes,117.78333333,29.0,18.0,11.0,6.0,3.0,18.0,42.0,12.0,14.0,1.0,9.0,4.0,0.0,5.0,5.0,244.18294655522416,52.003354498612765,5
XavierSilas,7.500000000000001,0.0,0.0,0.0,1.0,0.0,1.0,3.0,0.0,2.0,0.0,0.0,0.0,1.0,1.0,2.0,15.370832811859596,2.3442380501067994,2
YakubaOuattara,0.0,0.0,0.0,0.0,0.0,0.0,0.0,0.0,0.0,0.0,0.0,0.0,0.0,0.0,0.0,0.0,0.0,0.0,0
YogiFerrell,2281.5333333369995,838.0,201.0,78.0,65.0,9.0,153.0,731.0,311.0,359.0,134.0,103.0,82.0,26.0,224.0,250.0,4565.002952823742,782.619132833997,82
ZachCollins,1045.4499999959999,292.0,52.0,59.0,17.0,31.0,133.0,290.0,115.0,113.0,35.0,42.0,27.0,45.0,176.0,221.0,2076.5744793665917,327.8599544843841,66
ZachLaVine,656.30000002,401.0,72.0,43.0,24.0,4.0,55.0,355.0,136.0,123.0,42.0,107.0,87.0,9.0,86.0,95.0,1363.2545850407757,405.65137550623143,24
ZachRandolph,1507.66666671,857.0,127.0,116.0,42.0,10.0,119.0,763.0,361.0,147.0,51.0,107.0,84.0,97.0,300.0,397.0,3018.346653520961,828.2856817938515,59
ZazaPachulia,971.716666634,373.0,109.0,74.0,38.0,17.0,122.0,263.0,149.0,1.0,0.0,93.0,75.0,89.0,231.0,320.0,2056.717172742903,344.82317917847996,69
ZhouQi,123.96666666900002,22.0,2.0,10.0,2.0,14.0,14.0,32.0,6.0,19.0,2.0,12.0,8.0,6.0,16.0,22.0,258.7452793794326,43.08752972637473,18
