"primaryKey","teamId","seasonPlayed","leagueId","playerName","number","position","height","weight","birthDate","age","experience","school","playerId","season","dt"
"101106_1610612747_2017-18","1610612747","2017","00","Andrew Bogut","66","C","7-0","260","NOV 28, 1984","33.0","12","Utah","101106","2017-18","2018-01-03T15:59:32.473"
"101107_1610612766_2017-18","1610612766","2017","00","Marvin Williams","2","F","6-9","237","JUN 19, 1986","31.0","12","North Carolina","101107","2017-18","2018-04-13T22:39:11.529"
"101108_1610612745_2017-18","1610612745","2017","00","Chris Paul","3","G","6-0","175","MAY 06, 1985","32.0","12","Wake Forest","101108","2017-18","2018-04-13T22:39:11.529"
"101109_1610612760_2017-18","1610612760","2017","00","Raymond Felton","2","G","6-1","205","JUN 26, 1984","33.0","12","North Carolina","101109","2017-18","2018-04-13T22:39:11.529"
"101112_1610612739_2017-18","1610612739","2017","00","Channing Frye","8","F","6-11","255","MAY 17, 1983","34.0","11","Arizona","101112","2017-18","2018-02-04T07:40:59.388"
"101112_1610612747_2017-18","1610612747","2017","00","Channing Frye","12","F","6-11","255","MAY 17, 1983","34.0","11","Arizona","101112","2017-18","2018-04-13T22:39:11.529"
"101123_1610612745_2017-18","1610612745","2017","00","Gerald Green","14","G-F","6-7","205","JAN 26, 1986","32.0","10","Gulf Shores Aca. (TX)","101123","2017-18","2018-04-13T22:39:11.529"
"101127_1610612752_2017-18","1610612752","2017","00","Jarrett Jack","55","G","6-3","200","OCT 28, 1983","34.0","12","Georgia Tech","101127","2017-18","2018-04-13T22:39:11.529"
"101133_1610612764_2017-18","1610612764","2017","00","Ian Mahinmi","28","C","6-11","262","NOV 05, 1986","31.0","9","Rouen, France","101133","2017-18","2018-04-13T22:39:11.529"
"101139_1610612761_2017-18","1610612761","2017","00","CJ Miles","0","F-G","6-6","225","MAR 18, 1987","31.0","12","Skyline HS (TX)","101139","2017-18","2018-04-13T22:39:11.529"
"101141_1610612737_2017-18","1610612737","2017","00","Ersan Ilyasova","7","F","6-10","235","MAY 15, 1987","30.0","9","Eskisehir, Turkey","101141","2017-18","2018-02-14T04:58:03.217"
"101141_1610612755_2017-18","1610612755","2017","00","Ersan Ilyasova","23","F","6-10","235","MAY 15, 1987","30.0","9","Eskisehir, Turkey","101141","2017-18","2018-04-13T22:39:11.529"
"101150_1610612746_2017-18","1610612746","2017","00","Lou Williams","23","G","6-1","175","OCT 27, 1986","31.0","12","South Gwinnett HS (GA)","101150","2017-18","2018-04-13T22:39:11.529"
"101161_1610612755_2017-18","1610612755","2017","00","Amir Johnson","5","C-F","6-9","240","MAY 01, 1987","30.0","12","Westchester HS (Los Angeles)","101161","2017-18","2018-04-13T22:39:11.529"
"101162_1610612764_2017-18","1610612764","2017","00","Marcin Gortat","13","C","6-11","240","FEB 17, 1984","34.0","10","Lodz, Poland","101162","2017-18","2018-04-13T22:39:11.529"
"101181_1610612739_2017-18","1610612739","2017","00","Jose Calderon","81","G","6-3","200","SEP 28, 1981","36.0","12","Villanueva de la Serena, Spain","101181","2017-18","2018-04-13T22:39:11.529"
"1626143_1610612751_2017-18","1610612751","2017","00","Jahlil Okafor","4","C","6-11","260","DEC 15, 1995","22.0","2","Duke","1626143","2017-18","2018-04-13T22:39:11.529"
"1626144_1610612743_2017-18","1610612743","2017","00","Emmanuel Mudiay","0","G","6-5","200","MAR 05, 1996","21.0","2","","1626144","2017-18","2018-02-04T07:40:59.388"
"1626144_1610612752_2017-18","1610612752","2017","00","Emmanuel Mudiay","1","G","6-5","200","MAR 05, 1996","22.0","2","","1626144","2017-18","2018-04-13T22:39:11.529"
"1626145_1610612750_2017-18","1610612750","2017","00","Tyus Jones","1","G","6-2","184","MAY 10, 1996","21.0","2","Duke","1626145","2017-18","2018-04-13T22:39:11.529"
"1626147_1610612755_2017-18","1610612755","2017","00","Justin Anderson","1","G-F","6-6","230","NOV 19, 1993","24.0","2","Virginia","1626147","2017-18","2018-04-13T22:39:11.529"
"1626148_1610612750_2017-18","1610612750","2017","00","Anthony Brown","3","F","6-7","224","OCT 10, 1992","25.0","2","Stanford","1626148","2017-18","2018-04-13T22:39:11.529"
"1626149_1610612746_2017-18","1610612746","2017","00","Montrezl Harrell","5","F-C","6-8","240","JAN 26, 1994","24.0","2","Louisville","1626149","2017-18","2018-04-13T22:39:11.529"
"1626150_1610612763_2017-18","1610612763","2017","00","Andrew Harrison","5","G","6-6","213","OCT 28, 1994","23.0","1","Kentucky","1626150","2017-18","2018-04-13T22:39:11.529"
"1626151_1610612742_2017-18","1610612742","2017","00","Aaron Harrison","9","G","6-6","210","OCT 28, 1994","23.0","2","Kentucky","1626151","2017-18","2018-04-13T22:39:11.529"
"1626153_1610612761_2017-18","1610612761","2017","00","Delon Wright","55","G","6-5","190","APR 26, 1992","25.0","2","Utah","1626153","2017-18","2018-04-13T22:39:11.529"
"1626154_1610612745_2017-18","1610612745","2017","00","RJ Hunter","2","G","6-5","185","OCT 24, 1993","24.0","2","Georgia State","1626154","2017-18","2018-04-13T22:39:11.529"
"1626155_1610612746_2017-18","1610612746","2017","00","Sam Dekker","7","F","6-9","230","MAY 08, 1994","23.0","2","Wisconsin","1626155","2017-18","2018-04-13T22:39:11.529"
"1626156_1610612751_2017-18","1610612751","2017","00","DAngelo Russell","1","G","6-5","195","FEB 23, 1996","22.0","2","Ohio State","1626156","2017-18","2018-04-13T22:39:11.529"
"1626157_1610612750_2017-18","1610612750","2017","00","Karl-Anthony Towns","32","C","7-0","248","NOV 15, 1995","22.0","2","Kentucky","1626157","2017-18","2018-04-13T22:39:11.529"
"1626158_1610612755_2017-18","1610612755","2017","00","Richaun Holmes","22","F-C","6-10","235","OCT 15, 1993","24.0","2","Bowling Green","1626158","2017-18","2018-04-13T22:39:11.529"
"1626159_1610612748_2017-18","1610612748","2017","00","Justise Winslow","20","F","6-7","225","MAR 26, 1996","22.0","2","Duke","1626159","2017-18","2018-04-13T22:39:11.529"
"1626161_1610612758_2017-18","1610612758","2017","00","Willie Cauley-Stein","00","C","7-0","240","AUG 18, 1993","24.0","2","Kentucky","1626161","2017-18","2018-04-13T22:39:11.529"
"1626162_1610612764_2017-18","1610612764","2017","00","Kelly Oubre Jr.","12","F","6-7","205","DEC 09, 1995","22.0","2","Kansas","1626162","2017-18","2018-04-13T22:39:11.529"
"1626163_1610612766_2017-18","1610612766","2017","00","Frank Kaminsky","44","F-C","7-0","242","APR 04, 1993","25.0","2","Wisconsin","1626163","2017-18","2018-04-13T22:39:11.529"
"1626164_1610612756_2017-18","1610612756","2017","00","Devin Booker","1","G","6-6","210","OCT 30, 1996","21.0","2","Kentucky","1626164","2017-18","2018-04-13T22:39:11.529"
"1626166_1610612741_2017-18","1610612741","2017","00","Cameron Payne","22","G","6-3","185","AUG 08, 1994","23.0","2","Murray State","1626166","2017-18","2018-04-13T22:39:11.529"
"1626167_1610612754_2017-18","1610612754","2017","00","Myles Turner","33","C","6-11","255","MAR 24, 1996","22.0","2","Texas","1626167","2017-18","2018-04-13T22:39:11.529"
"1626168_1610612743_2017-18","1610612743","2017","00","Trey Lyles","7","F","6-10","234","NOV 05, 1995","22.0","2","Kentucky","1626168","2017-18","2018-04-13T22:39:11.529"
"1626169_1610612765_2017-18","1610612765","2017","00","Stanley Johnson","7","F","6-7","245","MAY 29, 1996","21.0","2","Arizona","1626169","2017-18","2018-04-13T22:39:11.529"
"1626170_1610612741_2017-18","1610612741","2017","00","Jerian Grant","2","G","6-4","198","OCT 09, 1992","25.0","2","Notre Dame","1626170","2017-18","2018-04-13T22:39:11.529"
"1626171_1610612741_2017-18","1610612741","2017","00","Bobby Portis","5","F","6-11","248","FEB 10, 1995","23.0","2","Arkansas","1626171","2017-18","2018-04-13T22:39:11.529"
"1626172_1610612744_2017-18","1610612744","2017","00","Kevon Looney","5","F","6-9","220","FEB 06, 1996","22.0","2","UCLA","1626172","2017-18","2018-04-13T22:39:11.529"
"1626173_1610612749_2017-18","1610612749","2017","00","Rashad Vaughn","20","G","6-6","202","AUG 16, 1996","21.0","2","UNLV","1626173","2017-18","2018-02-04T07:40:59.388"
"1626173_1610612753_2017-18","1610612753","2017","00","Rashad Vaughn","20","G","6-6","202","AUG 16, 1996","21.0","2","UNLV","1626173","2017-18","2018-03-19T14:36:33.05"
"1626175_1610612748_2017-18","1610612748","2017","00","Jordan Mickey","25","C-F","6-8","235","JUL 09, 1994","23.0","2","Louisiana State","1626175","2017-18","2018-04-13T22:39:11.529"
"1626177_1610612760_2017-18","1610612760","2017","00","Dakari Johnson","44","C","7-0","255","SEP 22, 1995","22.0","R","Kentucky","1626177","2017-18","2018-04-13T22:39:11.529"
"1626178_1610612751_2017-18","1610612751","2017","00","Rondae Hollis-Jefferson","24","F","6-7","214","JAN 03, 1995","23.0","2","Arizona","1626178","2017-18","2018-04-13T22:39:11.529"
"1626179_1610612738_2017-18","1610612738","2017","00","Terry Rozier","12","G","6-2","190","MAR 17, 1994","24.0","2","Louisville","1626179","2017-18","2018-04-13T22:39:11.529"
"1626181_1610612761_2017-18","1610612761","2017","00","Norman Powell","24","F-G","6-4","215","MAY 25, 1993","24.0","2","UCLA","1626181","2017-18","2018-04-13T22:39:11.529"
"1626185_1610612763_2017-18","1610612763","2017","00","Jarell Martin","1","F","6-10","239","MAY 24, 1994","23.0","2","Louisiana State","1626185","2017-18","2018-04-13T22:39:11.529"
"1626188_1610612744_2017-18","1610612744","2017","00","Quinn Cook","4","G","6-2","179","MAR 23, 1993","25.0","1","Duke","1626188","2017-18","2018-04-13T22:39:11.529"
"1626191_1610612764_2017-18","1610612764","2017","00","Chris McCullough","1","F","6-9","215","FEB 05, 1995","23.0","2","Syracuse","1626191","2017-18","2018-04-13T22:39:11.529"
"1626192_1610612757_2017-18","1610612757","2017","00","Pat Connaughton","5","G-F","6-5","210","JAN 06, 1993","25.0","2","Notre Dame","1626192","2017-18","2018-04-13T22:39:11.529"
"1626194_1610612739_2017-18","1610612739","2017","00","Marcus Thornton","52","G","6-3","190","FEB 09, 1993","25.0","R","William & Mary","1626194","2017-18","2018-03-19T07:39:32.603"
"1626195_1610612752_2017-18","1610612752","2017","00","Willy Hernangomez","14","C","6-11","240","MAY 27, 1994","23.0","1","Spain","1626195","2017-18","2018-02-04T07:40:59.388"
"1626195_1610612766_2017-18","1610612766","2017","00","Willy Hernangomez","41","C","6-11","240","MAY 27, 1994","23.0","1","Spain","1626195","2017-18","2018-04-13T22:39:11.529"
"1626196_1610612748_2017-18","1610612748","2017","00","Josh Richardson","0","F","6-6","200","SEP 15, 1993","24.0","2","Tennessee","1626196","2017-18","2018-04-13T22:39:11.529"
"1626199_1610612759_2017-18","1610612759","2017","00","Darrun Hilliard","24","G","6-6","220","APR 13, 1993","24.0","2","Villanova","1626199","2017-18","2018-04-13T22:39:11.529"
"1626202_1610612754_2017-18","1610612754","2017","00","Joe Young","3","G","6-2","185","JUN 27, 1992","25.0","2","Oregon","1626202","2017-18","2018-04-13T22:39:11.529"
"1626203_1610612766_2017-18","1610612766","2017","00","Treveon Graham","21","G-F","6-5","219","OCT 28, 1993","24.0","1","Virginia Commonwealth","1626203","2017-18","2018-04-13T22:39:11.529"
"1626204_1610612739_2017-18","1610612739","2017","00","Larry Nance Jr.","22","F","6-9","230","JAN 01, 1993","25.0","2","Wyoming","1626204","2017-18","2018-04-13T22:39:11.529"
"1626204_1610612747_2017-18","1610612747","2017","00","Larry Nance Jr.","7","F","6-9","230","JAN 01, 1993","25.0","2","Wyoming","1626204","2017-18","2018-02-04T07:40:59.388"
"1626205_1610612763_2017-18","1610612763","2017","00","Vincent Hunter","32","F","6-8","208","AUG 05, 1994","23.0","R","Texas-El Paso","1626205","2017-18","2018-01-12T15:00:35.667"
"1626209_1610612753_2017-18","1610612753","2017","00","Mario Hezonja","8","F-G","6-8","218","FEB 25, 1995","23.0","2","Croatia","1626209","2017-18","2018-04-13T22:39:11.529"
"1626210_1610612756_2017-18","1610612756","2017","00","Alan Williams","15","F-C","6-8","265","JAN 28, 1993","25.0","2","California-Santa Barbara","1626210","2017-18","2018-04-13T22:39:11.529"
"1626220_1610612762_2017-18","1610612762","2017","00","Royce ONeale","23","F","6-6","226","JUN 05, 1993","24.0","R","Baylor","1626220","2017-18","2018-04-13T22:39:11.529"
"1626224_1610612739_2017-18","1610612739","2017","00","Cedi Osman","16","F","6-8","215","APR 08, 1995","23.0","R","Anadolu Efes","1626224","2017-18","2018-04-13T22:39:11.529"
"1626242_1610612765_2017-18","1610612765","2017","00","Luis Montero","44","G","6-7","200","APR 06, 1993","24.0","1","Westchester CC NY","1626242","2017-18","2018-01-15T12:01:23.04"
"1626245_1610612741_2017-18","1610612741","2017","00","Cristiano Felicio","6","C-F","6-9","280","JUL 07, 1992","25.0","2","","1626245","2017-18","2018-04-13T22:39:11.529"
"1626246_1610612746_2017-18","1610612746","2017","00","Boban Marjanovic","51","C","7-3","290","AUG 15, 1988","29.0","2","","1626246","2017-18","2018-04-13T22:39:11.529"
"1626246_1610612765_2017-18","1610612765","2017","00","Boban Marjanovic","51","C","7-3","290","AUG 15, 1988","29.0","2","","1626246","2017-18","2018-01-29T06:32:35.042"
"1626257_1610612742_2017-18","1610612742","2017","00","Salah Mejri","50","C","7-2","235","JUN 15, 1986","31.0","2","","1626257","2017-18","2018-04-13T22:39:11.529"
"1626259_1610612761_2017-18","1610612761","2017","00","Malcolm Miller","13","F","6-7","210","MAR 06, 1993","25.0","R","Holy Cross","1626259","2017-18","2018-04-13T22:39:11.529"
"1626643_1610612755_2017-18","1610612755","2017","00","Jacob Pullen","00","G","6-1","200","NOV 10, 1989","28.0","R","Kansas State","1626643","2017-18","2018-01-03T15:59:32.473"
"1626780_1610612738_2017-18","1610612738","2017","00","Jonathan Gibson","60","G","6-2","185","NOV 08, 1987","30.0","1","New Mexico State","1626780","2017-18","2018-04-13T22:39:11.529"
"1627098_1610612737_2017-18","1610612737","2017","00","Malcolm Delaney","5","G","6-3","190","MAR 11, 1989","29.0","1","Virginia Tech","1627098","2017-18","2018-04-13T22:39:11.529"
"1627362_1610612745_2017-18","1610612745","2017","00","Briante Weber","0","G","6-2","165","DEC 29, 1992","25.0","2","Virginia Commonwealth","1627362","2017-18","2018-01-15T12:01:23.04"
"1627362_1610612763_2017-18","1610612763","2017","00","Briante Weber","3","G","6-2","165","DEC 29, 1992","25.0","2","Virginia Commonwealth","1627362","2017-18","2018-04-13T22:39:11.529"
"1627732_1610612755_2017-18","1610612755","2017","00","Ben Simmons","25","G-F","6-10","230","JUL 20, 1996","21.0","R","Louisiana State","1627732","2017-18","2018-04-13T22:39:11.529"
"1627733_1610612756_2017-18","1610612756","2017","00","Dragan Bender","35","F","7-1","225","NOV 17, 1997","20.0","1","","1627733","2017-18","2018-04-13T22:39:11.529"
"1627734_1610612754_2017-18","1610612754","2017","00","Domantas Sabonis","11","C-F","6-10","252","MAY 03, 1996","21.0","1","Gonzaga","1627734","2017-18","2018-04-13T22:39:11.529"
"1627735_1610612757_2017-18","1610612757","2017","00","Wade Baldwin IV","2","G","6-4","202","MAR 29, 1996","22.0","1","Vanderbilt","1627735","2017-18","2018-04-13T22:39:11.529"
"1627736_1610612743_2017-18","1610612743","2017","00","Malik Beasley","25","G","6-5","196","NOV 26, 1996","21.0","1","Florida State","1627736","2017-18","2018-04-13T22:39:11.529"
"1627737_1610612756_2017-18","1610612756","2017","00","Marquese Chriss","0","F","6-10","240","JUL 02, 1997","20.0","1","Washington","1627737","2017-18","2018-04-13T22:39:11.529"
"1627738_1610612763_2017-18","1610612763","2017","00","Deyonta Davis","21","C-F","6-11","237","DEC 02, 1996","21.0","1","Michigan State","1627738","2017-18","2018-04-13T22:39:11.529"
"1627739_1610612741_2017-18","1610612741","2017","00","Kris Dunn","32","G","6-4","210","MAR 18, 1994","24.0","1","Providence","1627739","2017-18","2018-04-13T22:39:11.529"
"1627740_1610612765_2017-18","1610612765","2017","00","Henry Ellenson","8","F","6-11","245","JAN 13, 1997","21.0","1","Marquette","1627740","2017-18","2018-04-13T22:39:11.529"
"1627741_1610612758_2017-18","1610612758","2017","00","Buddy Hield","24","G","6-4","214","DEC 17, 1993","24.0","1","Oklahoma","1627741","2017-18","2018-04-13T22:39:11.529"
"1627742_1610612747_2017-18","1610612747","2017","00","Brandon Ingram","14","F-G","6-9","190","SEP 02, 1997","20.0","1","Duke","1627742","2017-18","2018-04-13T22:39:11.529"
"1627743_1610612745_2017-18","1610612745","2017","00","Demetrius Jackson","2","G","6-1","201","SEP 07, 1994","23.0","1","Notre Dame","1627743","2017-18","2018-01-15T12:01:23.04"
"1627743_1610612755_2017-18","1610612755","2017","00","Demetrius Jackson","11","G","6-1","201","SEP 07, 1994","23.0","1","Notre Dame","1627743","2017-18","2018-04-13T22:39:11.529"
"1627744_1610612746_2017-18","1610612746","2017","00","Brice Johnson","11","F","6-10","230","JUN 27, 1994","23.0","1","North Carolina","1627744","2017-18","2018-01-29T06:32:35.042"
"1627744_1610612763_2017-18","1610612763","2017","00","Brice Johnson","14","F","6-10","230","JUN 27, 1994","23.0","1","North Carolina","1627744","2017-18","2018-03-19T14:36:33.05"
"1627744_1610612765_2017-18","1610612765","2017","00","Brice Johnson","13","F","6-10","230","JUN 27, 1994","23.0","1","North Carolina","1627744","2017-18","2018-02-04T07:40:59.388"
"1627745_1610612744_2017-18","1610612744","2017","00","Damian Jones","15","C","7-0","245","JUN 30, 1995","22.0","1","Vanderbilt","1627745","2017-18","2018-04-13T22:39:11.529"
"1627746_1610612758_2017-18","1610612758","2017","00","Skal Labissiere","7","F-C","6-11","225","MAR 18, 1996","22.0","1","Kentucky","1627746","2017-18","2018-04-13T22:39:11.529"
"1627747_1610612751_2017-18","1610612751","2017","00","Caris LeVert","22","G-F","6-7","203","AUG 25, 1994","23.0","1","Michigan","1627747","2017-18","2018-04-13T22:39:11.529"
"1627748_1610612749_2017-18","1610612749","2017","00","Thon Maker","7","C-F","7-1","223","FEB 25, 1997","21.0","1","","1627748","2017-18","2018-04-13T22:39:11.529"
"1627749_1610612759_2017-18","1610612759","2017","00","Dejounte Murray","5","G","6-5","170","SEP 19, 1996","21.0","1","Washington","1627749","2017-18","2018-04-13T22:39:11.529"
"1627750_1610612743_2017-18","1610612743","2017","00","Jamal Murray","27","G","6-4","207","FEB 23, 1997","21.0","1","Kentucky","1627750","2017-18","2018-04-13T22:39:11.529"
"1627751_1610612761_2017-18","1610612761","2017","00","Jakob Poeltl","42","C","7-0","230","OCT 15, 1995","22.0","1","Utah","1627751","2017-18","2018-04-13T22:39:11.529"
"1627752_1610612737_2017-18","1610612737","2017","00","Taurean Prince","12","F","6-8","220","MAR 22, 1994","24.0","1","Baylor","1627752","2017-18","2018-04-13T22:39:11.529"
"1627753_1610612745_2017-18","1610612745","2017","00","Zhou Qi","9","F-C","7-1","210","JAN 16, 1996","22.0","R","","1627753","2017-18","2018-04-13T22:39:11.529"
"1627755_1610612756_2017-18","1610612756","2017","00","Tyler Ulis","8","G","5-10","160","JAN 05, 1996","22.0","1","Kentucky","1627755","2017-18","2018-04-13T22:39:11.529"
"1627756_1610612741_2017-18","1610612741","2017","00","Denzel Valentine","45","F","6-6","214","NOV 16, 1993","24.0","1","Michigan State","1627756","2017-18","2018-04-13T22:39:11.529"
"1627758_1610612752_2017-18","1610612752","2017","00","Ron Baker","31","G","6-4","220","MAR 30, 1993","25.0","1","Wichita State","1627758","2017-18","2018-04-13T22:39:11.529"
"1627759_1610612738_2017-18","1610612738","2017","00","Jaylen Brown","7","G-F","6-7","225","OCT 24, 1996","21.0","1","California","1627759","2017-18","2018-04-13T22:39:11.529"
"1627761_1610612737_2017-18","1610612737","2017","00","DeAndre Bembry","95","F-G","6-6","210","JUL 04, 1994","23.0","1","Saint Josephs","1627761","2017-18","2018-04-13T22:39:11.529"
"1627762_1610612749_2017-18","1610612749","2017","00","Joel Bolomboy","24","F-C","6-9","235","JAN 28, 1994","23.0","1","Weber State","1627762","2017-18","2018-01-03T15:59:32.473"
"1627763_1610612749_2017-18","1610612749","2017","00","Malcolm Brogdon","13","G","6-5","215","DEC 11, 1992","25.0","1","Virginia","1627763","2017-18","2018-04-13T22:39:11.529"
"1627767_1610612740_2017-18","1610612740","2017","00","Cheick Diallo","13","F","6-9","220","SEP 13, 1996","21.0","1","Kansas","1627767","2017-18","2018-04-13T22:39:11.529"
"1627770_1610612765_2017-18","1610612765","2017","00","Kay Felder","22","G","5-9","176","MAR 29, 1995","23.0","1","Oakland","1627770","2017-18","2018-04-13T22:39:11.529"
"1627772_1610612760_2017-18","1610612760","2017","00","Daniel Hamilton","25","G","6-7","195","AUG 08, 1995","22.0","R","Connecticut","1627772","2017-18","2018-04-13T22:39:11.529"
"1627773_1610612748_2017-18","1610612748","2017","00","AJ Hammons","4","C","7-0","260","AUG 27, 1992","25.0","1","Purdue","1627773","2017-18","2018-02-04T07:40:59.388"
"1627774_1610612757_2017-18","1610612757","2017","00","Jake Layman","10","F","6-9","210","MAR 07, 1994","24.0","1","Maryland","1627774","2017-18","2018-04-13T22:39:11.529"
"1627775_1610612744_2017-18","1610612744","2017","00","Patrick McCaw","0","G","6-7","185","OCT 25, 1995","22.0","1","Nevada-Las Vegas","1627775","2017-18","2018-04-13T22:39:11.529"
"1627777_1610612762_2017-18","1610612762","2017","00","Georges Niang","31","F","6-6","231","JUN 17, 1993","24.0","1","Iowa State","1627777","2017-18","2018-04-13T22:39:11.529"
"1627778_1610612745_2017-18","1610612745","2017","00","Chinanu Onuaku","21","C","6-10","245","NOV 01, 1996","21.0","1","Louisville","1627778","2017-18","2018-04-13T22:39:11.529"
"1627779_1610612766_2017-18","1610612766","2017","00","Marcus Paige","4","G","6-0","164","SEP 11, 1993","24.0","R","North Carolina","1627779","2017-18","2018-04-13T22:39:11.529"
"1627780_1610612747_2017-18","1610612747","2017","00","Gary Payton II","23","G","6-3","190","DEC 01, 1992","25.0","1","Oregon State","1627780","2017-18","2018-04-13T22:39:11.529"
"1627781_1610612758_2017-18","1610612758","2017","00","Malachi Richardson","23","G","6-6","205","JAN 05, 1996","22.0","1","Syracuse","1627781","2017-18","2018-02-04T07:40:59.388"
"1627781_1610612761_2017-18","1610612761","2017","00","Malachi Richardson","22","G","6-6","205","JAN 05, 1996","22.0","1","Syracuse","1627781","2017-18","2018-04-13T22:39:11.529"
"1627782_1610612763_2017-18","1610612763","2017","00","Wayne Selden","7","G-F","6-5","230","SEP 30, 1994","23.0","1","Kansas","1627782","2017-18","2018-04-13T22:39:11.529"
"1627783_1610612761_2017-18","1610612761","2017","00","Pascal Siakam","43","F","6-9","230","APR 02, 1994","24.0","1","New Mexico State","1627783","2017-18","2018-04-13T22:39:11.529"
"1627785_1610612751_2017-18","1610612751","2017","00","Isaiah Whitehead","15","G","6-4","213","MAR 08, 1995","23.0","1","Seton Hall","1627785","2017-18","2018-04-13T22:39:11.529"
"1627786_1610612745_2017-18","1610612745","2017","00","Troy Williams","5","F","6-7","218","DEC 30, 1994","23.0","1","Indiana","1627786","2017-18","2018-02-14T04:58:03.217"
"1627786_1610612752_2017-18","1610612752","2017","00","Troy Williams","0","F","6-7","218","DEC 30, 1994","23.0","1","Indiana","1627786","2017-18","2018-04-13T22:39:11.529"
"1627788_1610612755_2017-18","1610612755","2017","00","Furkan Korkmaz","30","G-F","6-7","190","JUL 24, 1997","20.0","R","","1627788","2017-18","2018-04-13T22:39:11.529"
"1627789_1610612755_2017-18","1610612755","2017","00","Timothe Luwawu-Cabarrot","7","G-F","6-6","200","MAY 09, 1995","22.0","1","","1627789","2017-18","2018-04-13T22:39:11.529"
"1627790_1610612739_2017-18","1610612739","2017","00","Ante Zizic","41","F-C","6-11","250","JAN 04, 1997","21.0","R","","1627790","2017-18","2018-04-13T22:39:11.529"
"1627812_1610612742_2017-18","1610612742","2017","00","Yogi Ferrell","11","G","6-0","180","MAY 09, 1993","24.0","1","Indiana","1627812","2017-18","2018-04-13T22:39:11.529"
"1627814_1610612737_2017-18","1610612737","2017","00","Damion Lee","8","G","6-6","210","OCT 21, 1992","25.0","R","Louisville","1627814","2017-18","2018-04-13T22:39:11.529"
"1627815_1610612764_2017-18","1610612764","2017","00","Sheldon Mac","9","G-F","6-6","200","DEC 21, 1992","25.0","1","Miami (Fla.)","1627815","2017-18","2018-02-04T07:40:59.388"
"1627816_1610612754_2017-18","1610612754","2017","00","Alex Poythress","0","F","6-9","235","SEP 06, 1993","24.0","1","Kentucky","1627816","2017-18","2018-04-13T22:39:11.529"
"1627819_1610612737_2017-18","1610612737","2017","00","Isaiah Taylor","22","G","6-3","170","JUL 11, 1994","23.0","1","Texas","1627819","2017-18","2018-04-13T22:39:11.529"
"1627820_1610612746_2017-18","1610612746","2017","00","Tyrone Wallace","12","G","6-5","198","JUN 10, 1994","23.0","R","California","1627820","2017-18","2018-04-13T22:39:11.529"
"1627821_1610612751_2017-18","1610612751","2017","00","James Webb III","0","F","6-9","202","AUG 19, 1993","24.0","R","Boise State","1627821","2017-18","2018-04-13T22:39:11.529"
"1627823_1610612743_2017-18","1610612743","2017","00","Juancho Hernangomez","41","F","6-9","230","SEP 28, 1995","22.0","1","","1627823","2017-18","2018-04-13T22:39:11.529"
"1627824_1610612738_2017-18","1610612738","2017","00","Guerschon Yabusele","30","F","6-8","260","DEC 17, 1995","22.0","R","","1627824","2017-18","2018-04-13T22:39:11.529"
"1627826_1610612747_2017-18","1610612747","2017","00","Ivica Zubac","40","C","7-1","240","MAR 18, 1997","21.0","1","","1627826","2017-18","2018-04-13T22:39:11.529"
"1627827_1610612742_2017-18","1610612742","2017","00","Dorian Finney-Smith","10","F","6-8","220","MAY 04, 1993","24.0","1","Florida","1627827","2017-18","2018-04-13T22:39:11.529"
"1627832_1610612761_2017-18","1610612761","2017","00","Fred VanVleet","23","G","6-0","195","FEB 25, 1994","24.0","1","Wichita State","1627832","2017-18","2018-04-13T22:39:11.529"
"1627834_1610612757_2017-18","1610612757","2017","00","Georgios Papagiannis","19","C","7-1","240","JUL 03, 1997","20.0","1","","1627834","2017-18","2018-04-13T22:39:11.529"
"1627834_1610612758_2017-18","1610612758","2017","00","Georgios Papagiannis","13","C","7-1","240","JUL 03, 1997","20.0","1","","1627834","2017-18","2018-02-04T07:40:59.388"
"1627835_1610612741_2017-18","1610612741","2017","00","Paul Zipser","16","F","6-8","226","FEB 18, 1994","24.0","1","","1627835","2017-18","2018-04-13T22:39:11.529"
"1627846_1610612738_2017-18","1610612738","2017","00","Abdel Nader","28","F","6-6","230","SEP 25, 1993","24.0","R","Iowa State","1627846","2017-18","2018-04-13T22:39:11.529"
"1627850_1610612749_2017-18","1610612749","2017","00","Marshall Plumlee","40","C","7-0","250","JUL 14, 1992","25.0","1","Duke","1627850","2017-18","2018-04-13T22:39:11.529"
"1627852_1610612737_2017-18","1610612737","2017","00","Nicolas Brussino","16","F","6-8","195","MAR 02, 1993","24.0","1","","1627852","2017-18","2018-01-15T12:01:23.04"
"1627853_1610612741_2017-18","1610612741","2017","00","Ryan Arcidiacono","15","G","6-3","195","MAR 26, 1994","24.0","R","Villanova","1627853","2017-18","2018-04-13T22:39:11.529"
"1627854_1610612759_2017-18","1610612759","2017","00","Bryn Forbes","11","G","6-3","190","JUL 23, 1993","24.0","1","Michigan State","1627854","2017-18","2018-04-13T22:39:11.529"
"1627855_1610612739_2017-18","1610612739","2017","00","Okaro White","9","F","6-8","215","AUG 13, 1992","25.0","1","Florida State","1627855","2017-18","2018-04-13T22:39:11.529"
"1627855_1610612748_2017-18","1610612748","2017","00","Okaro White","15","F","6-8","215","AUG 13, 1992","25.0","1","Florida State","1627855","2017-18","2018-02-04T07:40:59.388"
"1627856_1610612759_2017-18","1610612759","2017","00","Matt Costello","10","F-C","6-10","240","AUG 05, 1993","24.0","R","Michigan State","1627856","2017-18","2018-04-13T22:39:11.529"
"1627858_1610612742_2017-18","1610612742","2017","00","Kyle Collinsworth","8","G","6-6","210","OCT 03, 1991","26.0","R","Brigham Young","1627858","2017-18","2018-04-13T22:39:11.529"
"1627863_1610612756_2017-18","1610612756","2017","00","Danuel House","23","F-G","6-7","220","JUN 07, 1993","24.0","1","Texas A&M","1627863","2017-18","2018-04-13T22:39:11.529"
"1627866_1610612742_2017-18","1610612742","2017","00","Jameel Warney","32","F","6-8","260","JAN 31, 1994","24.0","R","Stony Brook","1627866","2017-18","2018-03-19T14:36:33.05"
"1627875_1610612750_2017-18","1610612750","2017","00","Marcus Georges-Hunt","13","G","6-5","226","MAR 28, 1994","24.0","1","Georgia Tech","1627875","2017-18","2018-04-13T22:39:11.529"
"1627883_1610612740_2017-18","1610612740","2017","00","Jalen Jones","12","F","6-7","220","MAY 27, 1993","24.0","R","Texas A&M","1627883","2017-18","2018-01-03T15:59:32.473"
"1627883_1610612742_2017-18","1610612742","2017","00","Jalen Jones","21","F","6-7","220","MAY 27, 1993","24.0","R","Texas A&M","1627883","2017-18","2018-04-13T22:39:11.529"
"1627884_1610612748_2017-18","1610612748","2017","00","Derrick Jones Jr.","5","F-G","6-7","200","FEB 15, 1997","21.0","1","Nevada-Las Vegas","1627884","2017-18","2018-04-13T22:39:11.529"
"1627885_1610612756_2017-18","1610612756","2017","00","Shaquille Harrison","10","G","6-4","190","OCT 06, 1993","24.0","R","Tulsa","1627885","2017-18","2018-04-13T22:39:11.529"
"1627936_1610612747_2017-18","1610612747","2017","00","Alex Caruso","4","G","6-5","186","FEB 28, 1994","24.0","R","Texas A&M","1627936","2017-18","2018-04-13T22:39:11.529"
"1627982_1610612756_2017-18","1610612756","2017","00","Josh Gray","14","G","6-1","180","SEP 09, 1993","24.0","R","Louisiana State","1627982","2017-18","2018-02-14T04:58:03.217"
"1627988_1610612763_2017-18","1610612763","2017","00","Myke Henry","4","F","6-6","210","DEC 23, 1992","25.0","R","DePaul","1627988","2017-18","2018-04-13T22:39:11.529"
"1628021_1610612741_2017-18","1610612741","2017","00","David Nwaba","11","F","6-4","209","JAN 14, 1993","25.0","1","Cal Poly-S.L.O.","1628021","2017-18","2018-04-13T22:39:11.529"
"1628035_1610612761_2017-18","1610612761","2017","00","Alfonzo McKinnie","34","F","6-8","215","SEP 17, 1992","25.0","R","Wisc.-Green Bay","1628035","2017-18","2018-04-13T22:39:11.529"
"1628365_1610612755_2017-18","1610612755","2017","00","Markelle Fultz","20","G","6-4","200","MAY 29, 1998","19.0","R","Washington","1628365","2017-18","2018-04-13T22:39:11.529"
"1628366_1610612747_2017-18","1610612747","2017","00","Lonzo Ball","2","G","6-6","190","OCT 27, 1997","20.0","R","California-Los Angeles","1628366","2017-18","2018-04-13T22:39:11.529"
"1628367_1610612756_2017-18","1610612756","2017","00","Josh Jackson","20","G-F","6-8","200","FEB 10, 1997","21.0","R","Kansas","1628367","2017-18","2018-04-13T22:39:11.529"
"1628368_1610612758_2017-18","1610612758","2017","00","DeAaron Fox","5","G","6-3","175","DEC 20, 1997","20.0","R","Kentucky","1628368","2017-18","2018-04-13T22:39:11.529"
"1628369_1610612738_2017-18","1610612738","2017","00","Jayson Tatum","0","F","6-8","205","MAR 03, 1998","20.0","R","Duke","1628369","2017-18","2018-04-13T22:39:11.529"
"1628370_1610612766_2017-18","1610612766","2017","00","Malik Monk","1","G","6-3","200","FEB 04, 1998","20.0","R","Kentucky","1628370","2017-18","2018-04-13T22:39:11.529"
"1628371_1610612753_2017-18","1610612753","2017","00","Jonathan Isaac","1","F","6-10","210","OCT 03, 1997","20.0","R","Florida State","1628371","2017-18","2018-04-13T22:39:11.529"
"1628372_1610612742_2017-18","1610612742","2017","00","Dennis Smith Jr.","1","G","6-3","195","NOV 25, 1997","20.0","R","North Carolina State","1628372","2017-18","2018-04-13T22:39:11.529"
"1628373_1610612752_2017-18","1610612752","2017","00","Frank Ntilikina","11","G","6-5","190","JUL 28, 1998","19.0","R","","1628373","2017-18","2018-04-13T22:39:11.529"
"1628374_1610612741_2017-18","1610612741","2017","00","Lauri Markkanen","24","F","7-0","230","MAY 22, 1997","20.0","R","Arizona","1628374","2017-18","2018-04-13T22:39:11.529"
"1628378_1610612762_2017-18","1610612762","2017","00","Donovan Mitchell","45","G","6-3","215","SEP 07, 1996","21.0","R","Louisville","1628378","2017-18","2018-04-13T22:39:11.529"
"1628379_1610612765_2017-18","1610612765","2017","00","Luke Kennard","5","G","6-5","200","JUN 24, 1996","21.0","R","Duke","1628379","2017-18","2018-04-13T22:39:11.529"
"1628380_1610612757_2017-18","1610612757","2017","00","Zach Collins","33","C-F","7-0","230","NOV 19, 1997","20.0","R","Gonzaga","1628380","2017-18","2018-04-13T22:39:11.529"
"1628381_1610612737_2017-18","1610612737","2017","00","John Collins","20","F-C","6-10","235","SEP 23, 1997","20.0","R","Wake Forest","1628381","2017-18","2018-04-13T22:39:11.529"
"1628382_1610612758_2017-18","1610612758","2017","00","Justin Jackson","25","F","6-8","210","MAR 28, 1995","23.0","R","North Carolina","1628382","2017-18","2018-04-13T22:39:11.529"
"1628383_1610612750_2017-18","1610612750","2017","00","Justin Patton","24","C","7-0","236","JUN 14, 1997","20.0","R","Creighton","1628383","2017-18","2018-04-13T22:39:11.529"
"1628384_1610612761_2017-18","1610612761","2017","00","OG Anunoby","3","F","6-8","235","JUL 17, 1997","20.0","R","Indiana","1628384","2017-18","2018-04-13T22:39:11.529"
"1628385_1610612758_2017-18","1610612758","2017","00","Harry Giles III","20","F-C","6-10","240","APR 22, 1998","19.0","R","Duke","1628385","2017-18","2018-04-13T22:39:11.529"
"1628386_1610612751_2017-18","1610612751","2017","00","Jarrett Allen","31","C","6-11","234","APR 21, 1998","19.0","R","Texas","1628386","2017-18","2018-04-13T22:39:11.529"
"1628387_1610612754_2017-18","1610612754","2017","00","Ike Anigbogu","13","C","6-10","262","OCT 16, 1998","19.0","R","California-Los Angeles","1628387","2017-18","2018-04-13T22:39:11.529"
"1628388_1610612754_2017-18","1610612754","2017","00","TJ Leaf","22","F","6-10","230","APR 30, 1997","20.0","R","California-Los Angeles","1628388","2017-18","2018-04-13T22:39:11.529"
"1628389_1610612748_2017-18","1610612748","2017","00","Bam Adebayo","13","C-F","6-10","255","JUL 18, 1997","20.0","R","Kentucky","1628389","2017-18","2018-04-13T22:39:11.529"
"1628390_1610612760_2017-18","1610612760","2017","00","Terrance Ferguson","23","G","6-7","184","MAY 17, 1998","19.0","R","","1628390","2017-18","2018-04-13T22:39:11.529"
"1628391_1610612749_2017-18","1610612749","2017","00","D.J. Wilson","5","F","6-10","236","FEB 19, 1996","22.0","R","Michigan","1628391","2017-18","2018-04-13T22:39:11.529"
"1628393_1610612746_2017-18","1610612746","2017","00","Jawun Evans","1","G","6-0","190","JUL 26, 1996","21.0","R","Oklahoma State","1628393","2017-18","2018-04-13T22:39:11.529"
"1628395_1610612744_2017-18","1610612744","2017","00","Jordan Bell","2","C-F","6-9","224","JAN 07, 1995","23.0","R","Oregon","1628395","2017-18","2018-04-13T22:39:11.529"
"1628396_1610612762_2017-18","1610612762","2017","00","Tony Bradley","13","C","6-10","248","JAN 08, 1998","20.0","R","North Carolina","1628396","2017-18","2018-04-13T22:39:11.529"
"1628397_1610612763_2017-18","1610612763","2017","00","Ivan Rabb","10","F","6-10","220","FEB 04, 1997","21.0","R","California","1628397","2017-18","2018-04-13T22:39:11.529"
"1628398_1610612747_2017-18","1610612747","2017","00","Kyle Kuzma","0","F","6-9","220","JUL 24, 1995","22.0","R","Utah","1628398","2017-18","2018-04-13T22:39:11.529"
"1628399_1610612743_2017-18","1610612743","2017","00","Tyler Lydon","20","F","6-9","220","APR 09, 1996","22.0","R","Syracuse","1628399","2017-18","2018-04-13T22:39:11.529"
"1628400_1610612738_2017-18","1610612738","2017","00","Semi Ojeleye","37","F","6-7","235","DEC 05, 1994","23.0","R","Southern Methodist","1628400","2017-18","2018-04-13T22:39:11.529"
"1628401_1610612759_2017-18","1610612759","2017","00","Derrick White","4","G","6-4","190","JUL 02, 1994","23.0","R","Colorado","1628401","2017-18","2018-04-13T22:39:11.529"
"1628402_1610612740_2017-18","1610612740","2017","00","Frank Jackson","15","G","6-3","205","MAY 04, 1998","19.0","R","Duke","1628402","2017-18","2018-04-13T22:39:11.529"
"1628403_1610612757_2017-18","1610612757","2017","00","Caleb Swanigan","50","F-C","6-8","250","APR 18, 1997","20.0","R","Purdue","1628403","2017-18","2018-04-13T22:39:11.529"
"1628404_1610612747_2017-18","1610612747","2017","00","Josh Hart","5","G","6-5","215","MAR 06, 1995","23.0","R","Villanova","1628404","2017-18","2018-04-13T22:39:11.529"
"1628405_1610612742_2017-18","1610612742","2017","00","Johnathan Motley","6","F","6-10","230","MAY 04, 1995","22.0","R","Baylor","1628405","2017-18","2018-04-13T22:39:11.529"
"1628407_1610612766_2017-18","1610612766","2017","00","Dwayne Bacon","7","F","6-7","221","AUG 30, 1995","22.0","R","Florida State","1628407","2017-18","2018-04-13T22:39:11.529"
"1628408_1610612760_2017-18","1610612760","2017","00","PJ Dozier","35","G","6-6","205","OCT 25, 1996","21.0","R","South Carolina","1628408","2017-18","2018-04-13T22:39:11.529"
"1628409_1610612756_2017-18","1610612756","2017","00","Alec Peters","25","F","6-9","235","APR 13, 1995","23.0","R","Valparaiso","1628409","2017-18","2018-04-13T22:39:11.529"
"1628410_1610612754_2017-18","1610612754","2017","00","Edmond Sumner","5","G","6-5","188","DEC 31, 1995","22.0","R","Xavier","1628410","2017-18","2018-04-13T22:39:11.529"
"1628411_1610612753_2017-18","1610612753","2017","00","Wes Iwundu","25","F","6-7","195","DEC 20, 1994","23.0","R","Kansas State","1628411","2017-18","2018-04-13T22:39:11.529"
"1628412_1610612758_2017-18","1610612758","2017","00","Frank Mason","10","G","5-11","190","APR 03, 1994","24.0","R","Kansas","1628412","2017-18","2018-04-13T22:39:11.529"
"1628414_1610612746_2017-18","1610612746","2017","00","Sindarius Thornwell","0","G","6-5","215","NOV 15, 1994","23.0","R","South Carolina","1628414","2017-18","2018-04-13T22:39:11.529"
"1628415_1610612763_2017-18","1610612763","2017","00","Dillon Brooks","24","F-G","6-6","220","JAN 22, 1996","22.0","R","Oregon","1628415","2017-18","2018-04-13T22:39:11.529"
"1628416_1610612737_2017-18","1610612737","2017","00","Tyler Dorsey","2","G","6-5","183","FEB 18, 1996","22.0","R","Oregon","1628416","2017-18","2018-04-13T22:39:11.529"
"1628418_1610612747_2017-18","1610612747","2017","00","Thomas Bryant","31","C","6-10","248","JUL 31, 1997","20.0","R","Indiana","1628418","2017-18","2018-04-13T22:39:11.529"
"1628420_1610612743_2017-18","1610612743","2017","00","Monte Morris","11","G","6-3","175","JUN 27, 1995","22.0","R","Iowa State","1628420","2017-18","2018-04-13T22:39:11.529"
"1628421_1610612764_2017-18","1610612764","2017","00","Devin Robinson","7","F","6-8","200","MAR 07, 1995","23.0","R","Florida","1628421","2017-18","2018-04-13T22:39:11.529"
"1628422_1610612752_2017-18","1610612752","2017","00","Damyean Dotson","21","G","6-5","210","MAY 06, 1994","23.0","R","Houston","1628422","2017-18","2018-04-13T22:39:11.529"
"1628424_1610612763_2017-18","1610612763","2017","00","Kobi Simmons","2","G","6-4","170","JUL 04, 1997","20.0","R","Arizona","1628424","2017-18","2018-04-13T22:39:11.529"
"1628425_1610612749_2017-18","1610612749","2017","00","Sterling Brown","23","G","6-6","230","FEB 10, 1995","23.0","R","Southern Methodist","1628425","2017-18","2018-04-13T22:39:11.529"
"1628429_1610612740_2017-18","1610612740","2017","00","Charles Cooke","4","G","6-5","196","JUL 01, 1994","23.0","R","Dayton","1628429","2017-18","2018-04-13T22:39:11.529"
"1628432_1610612756_2017-18","1610612756","2017","00","Davon Reed","32","G","6-6","210","JUN 11, 1995","22.0","R","Miami (FL)","1628432","2017-18","2018-04-13T22:39:11.529"
"1628436_1610612752_2017-18","1610612752","2017","00","Luke Kornet","2","F-C","7-1","250","JUL 15, 1995","22.0","R","Vanderbilt","1628436","2017-18","2018-04-13T22:39:11.529"
"1628439_1610612752_2017-18","1610612752","2017","00","Isaiah Hicks","4","F","6-9","242","JUL 24, 1994","23.0","R","North Carolina","1628439","2017-18","2018-04-13T22:39:11.529"
"1628443_1610612738_2017-18","1610612738","2017","00","Kadeem Allen","45","G","6-3","200","JAN 15, 1993","25.0","R","Arizona","1628443","2017-18","2018-04-13T22:39:11.529"
"1628444_1610612738_2017-18","1610612738","2017","00","Jabari Bird","26","G","6-6","198","JUL 03, 1994","23.0","R","California","1628444","2017-18","2018-04-13T22:39:11.529"
"1628449_1610612744_2017-18","1610612744","2017","00","Chris Boucher","25","F","6-10","200","JAN 11, 1993","25.0","R","Oregon","1628449","2017-18","2018-04-13T22:39:11.529"
"1628451_1610612751_2017-18","1610612751","2017","00","Jacob Wiley","21","F","6-8","223","SEP 04, 1994","23.0","R","Eastern Washington","1628451","2017-18","2018-01-15T12:01:23.04"
"1628454_1610612764_2017-18","1610612764","2017","00","Mike Young","4","F","6-9","235","SEP 05, 1994","23.0","R","Pittsburgh","1628454","2017-18","2018-01-03T15:59:32.473"
"1628455_1610612740_2017-18","1610612740","2017","00","Mike James","5","G","6-1","195","AUG 18, 1990","27.0","R","Lamar","1628455","2017-18","2018-02-04T07:40:59.388"
"1628462_1610612746_2017-18","1610612746","2017","00","Milos Teodosic","4","G","6-5","196","MAR 19, 1987","31.0","R","","1628462","2017-18","2018-04-13T22:39:11.529"
"1628463_1610612737_2017-18","1610612737","2017","00","Tyler Cavanaugh","34","F","6-9","238","FEB 09, 1994","24.0","R","George Washington","1628463","2017-18","2018-04-13T22:39:11.529"
"1628464_1610612738_2017-18","1610612738","2017","00","Daniel Theis","27","F-C","6-9","243","APR 04, 1992","26.0","R","","1628464","2017-18","2018-04-13T22:39:11.529"
"1628467_1610612742_2017-18","1610612742","2017","00","Maxi Kleber","42","F","6-11","220","JAN 29, 1992","26.0","R","","1628467","2017-18","2018-04-13T22:39:11.529"
"1628469_1610612741_2017-18","1610612741","2017","00","Antonio Blakeney","9","G","6-4","197","OCT 04, 1996","21.0","R","Louisiana State","1628469","2017-18","2018-04-13T22:39:11.529"
"1628470_1610612743_2017-18","1610612743","2017","00","Torrey Craig","3","G-F","6-6","215","DEC 19, 1990","27.0","R","South Carolina Upstate","1628470","2017-18","2018-04-13T22:39:11.529"
"1628475_1610612748_2017-18","1610612748","2017","00","Matt Williams Jr.","12","G","6-5","210","OCT 14, 1993","24.0","R","Central Florida","1628475","2017-18","2017-12-26T15:55:44.749"
"1628476_1610612748_2017-18","1610612748","2017","00","Derrick Walton Jr.","14","G","6-1","185","APR 03, 1995","23.0","R","Michigan","1628476","2017-18","2018-04-13T22:39:11.529"
"1628493_1610612766_2017-18","1610612766","2017","00","Mangok Mathiang","9","F-C","6-10","230","OCT 08, 1992","25.0","R","Louisville","1628493","2017-18","2018-04-13T22:39:11.529"
"1628495_1610612751_2017-18","1610612751","2017","00","Milton Doyle","14","G","6-4","180","OCT 31, 1993","24.0","R","Loyola (Chicago)","1628495","2017-18","2018-04-13T22:39:11.529"
"1628499_1610612737_2017-18","1610612737","2017","00","Antonius Cleveland","0","G","6-6","195","FEB 02, 1994","24.0","R","Southeast Missouri State","1628499","2017-18","2018-04-13T22:39:11.529"
"1628500_1610612754_2017-18","1610612754","2017","00","Ben Moore","26","F","6-8","220","MAY 13, 1995","22.0","R","Southern Methodist","1628500","2017-18","2018-04-13T22:39:11.529"
"1628502_1610612747_2017-18","1610612747","2017","00","Nigel Hayes","15","F","6-7","254","DEC 16, 1994","23.0","R","Wisconsin","1628502","2017-18","2018-01-29T06:32:35.042"
"1628502_1610612758_2017-18","1610612758","2017","00","Nigel Hayes","40","F","6-7","254","DEC 16, 1994","23.0","R","Wisconsin","1628502","2017-18","2018-04-13T22:39:11.529"
"1628502_1610612761_2017-18","1610612761","2017","00","Nigel Hayes","2","F","6-7","254","DEC 16, 1994","23.0","R","Wisconsin","1628502","2017-18","2018-03-19T14:36:33.05"
"1628503_1610612753_2017-18","1610612753","2017","00","Jamel Artis","0","G","6-7","213","JAN 12, 1993","25.0","R","Pittsburgh","1628503","2017-18","2018-04-13T22:39:11.529"
"1628504_1610612763_2017-18","1610612763","2017","00","Xavier Rathan-Mayes","22","G","6-4","208","APR 29, 1994","23.0","R","Florida State","1628504","2017-18","2018-03-12T00:47:38.694"
"1628506_1610612739_2017-18","1610612739","2017","00","London Perrantes","15","G","6-2","190","OCT 03, 1994","23.0","R","Virginia","1628506","2017-18","2018-03-19T14:36:33.05"
"1628510_1610612737_2017-18","1610612737","2017","00","Andrew White III","4","F","6-7","210","JUN 16, 1993","24.0","R","Syracuse","1628510","2017-18","2018-04-13T22:39:11.529"
"1628513_1610612762_2017-18","1610612762","2017","00","Naz Mitrou-Long","30","G","6-4","218","AUG 03, 1993","24.0","R","Iowa State","1628513","2017-18","2018-01-21T08:33:13.123"
"1628518_1610612750_2017-18","1610612750","2017","00","Amile Jefferson","10","F","6-9","224","MAY 07, 1993","24.0","R","Duke","1628518","2017-18","2018-04-13T22:39:11.529"
"1628537_1610612737_2017-18","1610612737","2017","00","Jaylen Morris","3","G","6-5","185","SEP 19, 1995","22.0","R","Molloy","1628537","2017-18","2018-04-13T22:39:11.529"
"1628571_1610612762_2017-18","1610612762","2017","00","Erik McCree","21","F","6-8","225","DEC 20, 1993","24.0","R","Louisiana Tech","1628571","2017-18","2018-04-13T22:39:11.529"
"1628681_1610612753_2017-18","1610612753","2017","00","Rodney Purvis","15","G","6-4","205","FEB 14, 1994","24.0","R","Connecticut","1628681","2017-18","2018-04-13T22:39:11.529"
"1713_1610612758_2017-18","1610612758","2017","00","Vince Carter","15","G-F","6-6","220","JAN 26, 1977","41.0","19","North Carolina","1713","2017-18","2018-04-13T22:39:11.529"
"1717_1610612742_2017-18","1610612742","2017","00","Dirk Nowitzki","41","C-F","7-0","245","JUN 19, 1978","39.0","19","Wurzburg, Germany","1717","2017-18","2018-04-13T22:39:11.529"
"1891_1610612749_2017-18","1610612749","2017","00","Jason Terry","3","G","6-2","185","SEP 15, 1977","40.0","18","Arizona","1891","2017-18","2018-04-13T22:39:11.529"
"1938_1610612759_2017-18","1610612759","2017","00","Manu Ginobili","20","G","6-6","205","JUL 28, 1977","40.0","15","Bahia Blanca, Argentina","1938","2017-18","2018-04-13T22:39:11.529"
"200746_1610612759_2017-18","1610612759","2017","00","LaMarcus Aldridge","12","F","6-11","260","JUL 19, 1985","32.0","11","Texas","200746","2017-18","2018-04-13T22:39:11.529"
"200752_1610612759_2017-18","1610612759","2017","00","Rudy Gay","22","F","6-8","230","AUG 17, 1986","31.0","11","Connecticut","200752","2017-18","2018-04-13T22:39:11.529"
"200755_1610612755_2017-18","1610612755","2017","00","JJ Redick","17","G-F","6-4","200","JUN 24, 1984","33.0","11","Duke","200755","2017-18","2018-04-13T22:39:11.529"
"200757_1610612762_2017-18","1610612762","2017","00","Thabo Sefolosha","22","F","6-7","220","MAY 02, 1984","33.0","11","Vevey, Switzerland","200757","2017-18","2018-04-13T22:39:11.529"
"200765_1610612740_2017-18","1610612740","2017","00","Rajon Rondo","9","G","6-1","186","FEB 22, 1986","32.0","11","Kentucky","200765","2017-18","2018-04-13T22:39:11.529"
"200768_1610612761_2017-18","1610612761","2017","00","Kyle Lowry","7","G","6-0","205","MAR 25, 1986","32.0","11","Villanova","200768","2017-18","2018-04-13T22:39:11.529"
"200782_1610612745_2017-18","1610612745","2017","00","PJ Tucker","4","F","6-6","245","MAY 05, 1985","32.0","6","Texas","200782","2017-18","2018-04-13T22:39:11.529"
"200794_1610612743_2017-18","1610612743","2017","00","Paul Millsap","4","F","6-8","246","FEB 10, 1985","33.0","11","Louisiana Tech","200794","2017-18","2018-04-13T22:39:11.529"
"200826_1610612742_2017-18","1610612742","2017","00","J.J. Barea","5","G","6-0","185","JUN 26, 1984","33.0","11","Northeastern","200826","2017-18","2018-04-13T22:39:11.529"
"201142_1610612744_2017-18","1610612744","2017","00","Kevin Durant","35","F","6-9","240","SEP 29, 1988","29.0","10","Texas","201142","2017-18","2018-04-13T22:39:11.529"
"201143_1610612738_2017-18","1610612738","2017","00","Al Horford","42","F-C","6-10","245","JUN 03, 1986","31.0","10","Florida","201143","2017-18","2018-04-13T22:39:11.529"
"201144_1610612763_2017-18","1610612763","2017","00","Mike Conley","11","G","6-1","175","OCT 11, 1987","30.0","10","Ohio State","201144","2017-18","2018-04-13T22:39:11.529"
"201145_1610612739_2017-18","1610612739","2017","00","Jeff Green","32","F","6-9","235","AUG 28, 1986","31.0","9","Georgetown","201145","2017-18","2018-04-13T22:39:11.529"
"201147_1610612747_2017-18","1610612747","2017","00","Corey Brewer","3","F","6-9","186","MAR 05, 1986","31.0","10","Florida","201147","2017-18","2018-02-14T04:58:03.217"
"201147_1610612760_2017-18","1610612760","2017","00","Corey Brewer","3","G-F","6-9","186","MAR 05, 1986","32.0","10","Florida","201147","2017-18","2018-04-13T22:39:11.529"
"201148_1610612745_2017-18","1610612745","2017","00","Brandan Wright","32","F-C","6-10","235","OCT 05, 1987","30.0","9","North Carolina","201148","2017-18","2018-03-19T14:36:33.05"
"201148_1610612763_2017-18","1610612763","2017","00","Brandan Wright","34","F-C","6-10","235","OCT 05, 1987","30.0","9","North Carolina","201148","2017-18","2018-02-04T07:40:59.388"
"201149_1610612752_2017-18","1610612752","2017","00","Joakim Noah","13","C","6-11","230","FEB 25, 1985","33.0","10","Florida","201149","2017-18","2018-04-13T22:39:11.529"
"201152_1610612754_2017-18","1610612754","2017","00","Thaddeus Young","21","F","6-8","230","JUN 21, 1988","29.0","10","Georgia Tech","201152","2017-18","2018-04-13T22:39:11.529"
"201156_1610612744_2017-18","1610612744","2017","00","Nick Young","6","G-F","6-7","210","JUN 01, 1985","32.0","10","Southern California","201156","2017-18","2018-04-13T22:39:11.529"
"201158_1610612737_2017-18","1610612737","2017","00","Marco Belinelli","3","G-F","6-5","210","MAR 25, 1986","31.0","10","Bologna, Italy","201158","2017-18","2018-02-04T07:40:59.388"
"201158_1610612755_2017-18","1610612755","2017","00","Marco Belinelli","18","G-F","6-5","210","MAR 25, 1986","32.0","10","Bologna, Italy","201158","2017-18","2018-04-13T22:39:11.529"
"201160_1610612764_2017-18","1610612764","2017","00","Jason Smith","14","F-C","7-0","240","MAR 02, 1986","32.0","9","Colorado State","201160","2017-18","2018-04-13T22:39:11.529"
"201162_1610612756_2017-18","1610612756","2017","00","Jared Dudley","3","F","6-7","240","JUL 10, 1985","32.0","10","Boston College","201162","2017-18","2018-04-13T22:39:11.529"
"201163_1610612743_2017-18","1610612743","2017","00","Wilson Chandler","21","F","6-9","225","MAY 10, 1987","30.0","9","DePaul","201163","2017-18","2018-04-13T22:39:11.529"
"201166_1610612750_2017-18","1610612750","2017","00","Aaron Brooks","30","G","6-0","161","JAN 14, 1985","33.0","9","Oregon","201166","2017-18","2018-04-13T22:39:11.529"
"201167_1610612753_2017-18","1610612753","2017","00","Arron Afflalo","4","G","6-5","210","OCT 15, 1985","32.0","10","UCLA","201167","2017-18","2018-04-13T22:39:11.529"
"201177_1610612742_2017-18","1610612742","2017","00","Josh McRoberts","13","F-C","6-10","240","FEB 28, 1987","30.0","10","Duke","201177","2017-18","2018-02-04T07:40:59.388"
"201188_1610612763_2017-18","1610612763","2017","00","Marc Gasol","33","C","7-1","255","JAN 29, 1985","33.0","9","Barcelona, Spain","201188","2017-18","2018-04-13T22:39:11.529"
"201196_1610612752_2017-18","1610612752","2017","00","Ramon Sessions","1","G","6-3","190","APR 11, 1986","31.0","10","Nevada","201196","2017-18","2018-01-12T15:00:35.667"
"201196_1610612764_2017-18","1610612764","2017","00","Ramon Sessions","9","G","6-3","190","APR 11, 1986","32.0","10","Nevada","201196","2017-18","2018-04-13T22:39:11.529"
"201229_1610612765_2017-18","1610612765","2017","00","Anthony Tolliver","43","F","6-8","240","JUN 01, 1985","32.0","9","Creighton","201229","2017-18","2018-04-13T22:39:11.529"
"201281_1610612747_2017-18","1610612747","2017","00","Andre Ingram","20","G","6-3","190","NOV 19, 1985","32.0","R","American","201281","2017-18","2018-04-13T22:39:11.529"
"201563_1610612752_2017-18","1610612752","2017","00","Michael Beasley","8","F","6-9","235","JAN 09, 1989","29.0","9","Kansas State","201563","2017-18","2018-04-13T22:39:11.529"
"201565_1610612739_2017-18","1610612739","2017","00","Derrick Rose","1","G","6-3","190","OCT 04, 1988","29.0","8","Memphis","201565","2017-18","2018-02-04T07:40:59.388"
"201565_1610612750_2017-18","1610612750","2017","00","Derrick Rose","25","G","6-3","190","OCT 04, 1988","29.0","8","Memphis","201565","2017-18","2018-04-13T22:39:11.529"
"201566_1610612760_2017-18","1610612760","2017","00","Russell Westbrook","0","G","6-3","200","NOV 12, 1988","29.0","9","UCLA","201566","2017-18","2018-04-13T22:39:11.529"
"201567_1610612739_2017-18","1610612739","2017","00","Kevin Love","0","C-F","6-10","251","SEP 07, 1988","29.0","9","UCLA","201567","2017-18","2018-04-13T22:39:11.529"
"201568_1610612746_2017-18","1610612746","2017","00","Danilo Gallinari","8","F","6-10","225","AUG 08, 1988","29.0","8","SantAngelo Lodigiano, Italy","201568","2017-18","2018-04-13T22:39:11.529"
"201569_1610612745_2017-18","1610612745","2017","00","Eric Gordon","10","G","6-4","215","DEC 25, 1988","29.0","9","Indiana","201569","2017-18","2018-04-13T22:39:11.529"
"201571_1610612753_2017-18","1610612753","2017","00","D.J. Augustin","14","G","6-0","183","NOV 10, 1987","30.0","9","Texas","201571","2017-18","2018-04-13T22:39:11.529"
"201572_1610612747_2017-18","1610612747","2017","00","Brook Lopez","11","C","7-0","268","APR 01, 1988","30.0","9","Stanford","201572","2017-18","2018-04-13T22:39:11.529"
"201573_1610612755_2017-18","1610612755","2017","00","Jerryd Bayless","0","G","6-3","200","AUG 20, 1988","29.0","9","Arizona","201573","2017-18","2018-04-13T22:39:11.529"
"201575_1610612757_2017-18","1610612757","2017","00","Brandon Rush","21","G-F","6-6","220","JUL 07, 1985","32.0","9","Kansas","201575","2017-18","2018-03-19T07:39:32.603"
"201577_1610612741_2017-18","1610612741","2017","00","Robin Lopez","42","C","7-0","277","APR 01, 1988","30.0","9","Stanford","201577","2017-18","2018-04-13T22:39:11.529"
"201578_1610612753_2017-18","1610612753","2017","00","Marreese Speights","5","F-C","6-10","255","AUG 04, 1987","30.0","9","Florida","201578","2017-18","2018-04-13T22:39:11.529"
"201580_1610612744_2017-18","1610612744","2017","00","JaVale McGee","1","C","7-0","270","JAN 19, 1988","30.0","9","Nevada","201580","2017-18","2018-04-13T22:39:11.529"
"201582_1610612740_2017-18","1610612740","2017","00","Alexis Ajinca","42","C","7-2","248","MAY 06, 1988","29.0","7","Saint Etienne, France","201582","2017-18","2018-04-13T22:39:11.529"
"201583_1610612745_2017-18","1610612745","2017","00","Ryan Anderson","33","F","6-10","240","MAY 06, 1988","29.0","9","California","201583","2017-18","2018-04-13T22:39:11.529"
"201584_1610612752_2017-18","1610612752","2017","00","Courtney Lee","5","G","6-5","200","OCT 03, 1985","32.0","9","Western Kentucky","201584","2017-18","2018-04-13T22:39:11.529"
"201585_1610612758_2017-18","1610612758","2017","00","Kosta Koufos","41","C","7-0","265","FEB 24, 1989","29.0","9","Ohio State","201585","2017-18","2018-04-13T22:39:11.529"
"201586_1610612761_2017-18","1610612761","2017","00","Serge Ibaka","9","F","6-10","235","SEP 18, 1989","28.0","8","Brazzaville, Rep. of Congo","201586","2017-18","2018-04-13T22:39:11.529"
"201587_1610612766_2017-18","1610612766","2017","00","Nicolas Batum","5","G-F","6-8","200","DEC 14, 1988","29.0","9","Lisieux, France","201587","2017-18","2018-04-13T22:39:11.529"
"201588_1610612739_2017-18","1610612739","2017","00","George Hill","3","G","6-3","188","MAY 04, 1986","31.0","9","Indiana Purdue-Indianapolis","201588","2017-18","2018-04-13T22:39:11.529"
"201588_1610612758_2017-18","1610612758","2017","00","George Hill","3","G","6-3","188","MAY 04, 1986","31.0","9","Indiana Purdue-Indianapolis","201588","2017-18","2018-02-04T07:40:59.388"
"201589_1610612743_2017-18","1610612743","2017","00","Darrell Arthur","00","F","6-9","235","MAR 25, 1988","30.0","8","Kansas","201589","2017-18","2018-04-13T22:39:11.529"
"201596_1610612763_2017-18","1610612763","2017","00","Mario Chalmers","6","G","6-2","190","MAY 19, 1986","31.0","8","Kansas","201596","2017-18","2018-04-13T22:39:11.529"
"201599_1610612746_2017-18","1610612746","2017","00","DeAndre Jordan","6","C","6-11","265","JUL 21, 1988","29.0","9","Texas A&M","201599","2017-18","2018-04-13T22:39:11.529"
"201600_1610612740_2017-18","1610612740","2017","00","Omer Asik","3","C","7-0","255","JUL 04, 1986","31.0","7","Turkey","201600","2017-18","2018-01-29T06:32:35.042"
"201600_1610612741_2017-18","1610612741","2017","00","Omer Asik","3","C","7-0","255","JUL 04, 1986","31.0","7","Turkey","201600","2017-18","2018-04-13T22:39:11.529"
"201601_1610612745_2017-18","1610612745","2017","00","Luc Mbah a Moute","12","F","6-8","230","SEP 09, 1986","31.0","9","UCLA","201601","2017-18","2018-04-13T22:39:11.529"
"201609_1610612748_2017-18","1610612748","2017","00","Goran Dragic","7","G","6-3","190","MAY 06, 1986","31.0","9","Ljubljana, Slovenia","201609","2017-18","2018-04-13T22:39:11.529"
"201628_1610612745_2017-18","1610612745","2017","00","Bobby Brown","6","G","6-2","175","SEP 24, 1984","33.0","3","Cal State-Fullerton","201628","2017-18","2018-01-03T15:59:32.473"
"201933_1610612746_2017-18","1610612746","2017","00","Blake Griffin","32","F","6-10","251","MAR 16, 1989","28.0","7","Oklahoma","201933","2017-18","2018-01-29T06:32:35.042"
"201933_1610612765_2017-18","1610612765","2017","00","Blake Griffin","23","F","6-10","251","MAR 16, 1989","29.0","7","Oklahoma","201933","2017-18","2018-04-13T22:39:11.529"
"201935_1610612745_2017-18","1610612745","2017","00","James Harden","13","G","6-5","220","AUG 26, 1989","28.0","8","Arizona State","201935","2017-18","2018-04-13T22:39:11.529"
"201936_1610612763_2017-18","1610612763","2017","00","Tyreke Evans","12","G-F","6-6","220","SEP 19, 1989","28.0","8","Memphis","201936","2017-18","2018-04-13T22:39:11.529"
"201937_1610612762_2017-18","1610612762","2017","00","Ricky Rubio","3","G","6-4","190","OCT 21, 1990","27.0","6","El Masnou, Spain","201937","2017-18","2018-04-13T22:39:11.529"
"201939_1610612744_2017-18","1610612744","2017","00","Stephen Curry","30","G","6-3","190","MAR 14, 1988","30.0","8","Davidson","201939","2017-18","2018-04-13T22:39:11.529"
"201942_1610612761_2017-18","1610612761","2017","00","DeMar DeRozan","10","G","6-7","220","AUG 07, 1989","28.0","8","Southern California","201942","2017-18","2018-04-13T22:39:11.529"
"201943_1610612749_2017-18","1610612749","2017","00","Brandon Jennings","11","G","6-1","170","SEP 23, 1989","28.0","8","Oak Hill Academy (VA)","201943","2017-18","2018-04-13T22:39:11.529"
"201949_1610612748_2017-18","1610612748","2017","00","James Johnson","16","F","6-8","240","FEB 20, 1987","31.0","8","Wake Forest","201949","2017-18","2018-04-13T22:39:11.529"
"201950_1610612740_2017-18","1610612740","2017","00","Jrue Holiday","11","G","6-4","205","JUN 12, 1990","27.0","8","UCLA","201950","2017-18","2018-04-13T22:39:11.529"
"201951_1610612764_2017-18","1610612764","2017","00","Ty Lawson","4","G","5-11","195","NOV 03, 1987","30.0","8","North Carolina","201951","2017-18","2018-04-13T22:39:11.529"
"201952_1610612750_2017-18","1610612750","2017","00","Jeff Teague","0","G","6-2","189","JUN 10, 1988","29.0","8","Wake Forest","201952","2017-18","2018-04-13T22:39:11.529"
"201954_1610612754_2017-18","1610612754","2017","00","Darren Collison","2","G","6-2","185","AUG 23, 1987","30.0","8","UCLA","201954","2017-18","2018-04-13T22:39:11.529"
"201956_1610612744_2017-18","1610612744","2017","00","Omri Casspi","18","F","6-9","225","JUN 22, 1988","29.0","8","Yavne, Israel","201956","2017-18","2018-04-13T22:39:11.529"
"201959_1610612750_2017-18","1610612750","2017","00","Taj Gibson","67","F","6-9","235","JUN 24, 1985","32.0","8","Southern California","201959","2017-18","2018-04-13T22:39:11.529"
"201960_1610612751_2017-18","1610612751","2017","00","DeMarre Carroll","9","F","6-8","215","JUL 27, 1986","31.0","8","Missouri","201960","2017-18","2018-04-13T22:39:11.529"
"201961_1610612748_2017-18","1610612748","2017","00","Wayne Ellington","2","G","6-5","200","NOV 29, 1987","30.0","8","North Carolina","201961","2017-18","2018-04-13T22:39:11.529"
"201967_1610612740_2017-18","1610612740","2017","00","Dante Cunningham","33","F","6-8","230","APR 22, 1987","30.0","8","Villanova","201967","2017-18","2018-02-04T07:40:59.388"
"201967_1610612751_2017-18","1610612751","2017","00","Dante Cunningham","44","F","6-8","230","APR 22, 1987","30.0","8","Villanova","201967","2017-18","2018-04-13T22:39:11.529"
"201973_1610612762_2017-18","1610612762","2017","00","Jonas Jerebko","8","F","6-10","231","MAR 02, 1987","31.0","7","Kinna, Sweden","201973","2017-18","2018-04-13T22:39:11.529"
"201975_1610612764_2017-18","1610612764","2017","00","Jodie Meeks","20","G","6-4","210","AUG 21, 1987","30.0","8","Kentucky","201975","2017-18","2018-04-13T22:39:11.529"
"201976_1610612746_2017-18","1610612746","2017","00","Patrick Beverley","21","G","6-1","185","JUL 12, 1988","29.0","5","Arkansas","201976","2017-18","2018-04-13T22:39:11.529"
"201980_1610612759_2017-18","1610612759","2017","00","Danny Green","14","G-F","6-6","215","JUN 22, 1987","30.0","8","North Carolina","201980","2017-18","2018-04-13T22:39:11.529"
"201988_1610612759_2017-18","1610612759","2017","00","Patty Mills","8","G","6-0","185","AUG 11, 1988","29.0","8","Saint Marys (CA)","201988","2017-18","2018-04-13T22:39:11.529"
"202066_1610612758_2017-18","1610612758","2017","00","Garrett Temple","17","F-G","6-6","195","MAY 08, 1986","31.0","7","Louisiana State","202066","2017-18","2018-04-13T22:39:11.529"
"202083_1610612742_2017-18","1610612742","2017","00","Wesley Matthews","23","G-F","6-5","220","OCT 14, 1986","31.0","8","Marquette","202083","2017-18","2018-04-13T22:39:11.529"
"202322_1610612764_2017-18","1610612764","2017","00","John Wall","2","G","6-4","210","SEP 06, 1990","27.0","7","Kentucky","202322","2017-18","2018-04-13T22:39:11.529"
"202323_1610612757_2017-18","1610612757","2017","00","Evan Turner","1","F-G","6-7","220","OCT 27, 1988","29.0","7","Ohio State","202323","2017-18","2018-04-13T22:39:11.529"
"202324_1610612762_2017-18","1610612762","2017","00","Derrick Favors","15","F-C","6-10","265","JUL 15, 1991","26.0","7","Georgia Tech","202324","2017-18","2018-04-13T22:39:11.529"
"202325_1610612746_2017-18","1610612746","2017","00","Wesley Johnson","33","F","6-7","215","JUL 11, 1987","30.0","7","Syracuse","202325","2017-18","2018-04-13T22:39:11.529"
"202326_1610612740_2017-18","1610612740","2017","00","DeMarcus Cousins","0","C","6-11","270","AUG 13, 1990","27.0","7","Kentucky","202326","2017-18","2018-04-13T22:39:11.529"
"202327_1610612762_2017-18","1610612762","2017","00","Ekpe Udoh","33","C-F","6-10","245","MAY 20, 1987","30.0","5","Baylor","202327","2017-18","2018-04-13T22:39:11.529"
"202328_1610612738_2017-18","1610612738","2017","00","Greg Monroe","55","C-F","6-11","265","JUN 04, 1990","27.0","7","Georgetown","202328","2017-18","2018-04-13T22:39:11.529"
"202328_1610612756_2017-18","1610612756","2017","00","Greg Monroe","14","C-F","6-11","265","JUN 04, 1990","27.0","7","Georgetown","202328","2017-18","2018-01-29T06:32:35.042"
"202329_1610612757_2017-18","1610612757","2017","00","Al-Farouq Aminu","8","F","6-9","220","SEP 21, 1990","27.0","7","Wake Forest","202329","2017-18","2018-04-13T22:39:11.529"
"202330_1610612738_2017-18","1610612738","2017","00","Gordon Hayward","20","F","6-8","226","MAR 23, 1990","28.0","7","Butler","202330","2017-18","2018-04-13T22:39:11.529"
"202331_1610612760_2017-18","1610612760","2017","00","Paul George","13","F","6-9","220","MAY 02, 1990","27.0","7","Fresno State","202331","2017-18","2018-04-13T22:39:11.529"
"202332_1610612750_2017-18","1610612750","2017","00","Cole Aldrich","45","C","6-11","253","OCT 31, 1988","29.0","7","Kansas","202332","2017-18","2018-04-13T22:39:11.529"
"202334_1610612757_2017-18","1610612757","2017","00","Ed Davis","17","F-C","6-10","245","JUN 05, 1989","28.0","7","North Carolina","202334","2017-18","2018-04-13T22:39:11.529"
"202335_1610612760_2017-18","1610612760","2017","00","Patrick Patterson","54","F","6-9","230","MAR 14, 1989","29.0","7","Kentucky","202335","2017-18","2018-04-13T22:39:11.529"
"202337_1610612737_2017-18","1610612737","2017","00","Luke Babbitt","8","F","6-9","225","JUN 20, 1989","28.0","7","Nevada","202337","2017-18","2018-02-04T07:40:59.388"
"202337_1610612748_2017-18","1610612748","2017","00","Luke Babbitt","22","F","6-9","225","JUN 20, 1989","28.0","7","Nevada","202337","2017-18","2018-04-13T22:39:11.529"
"202339_1610612749_2017-18","1610612749","2017","00","Eric Bledsoe","6","G","6-1","205","DEC 09, 1989","28.0","7","Kentucky","202339","2017-18","2018-04-13T22:39:11.529"
"202340_1610612746_2017-18","1610612746","2017","00","Avery Bradley","11","G","6-2","180","NOV 26, 1990","27.0","7","Texas","202340","2017-18","2018-04-13T22:39:11.529"
"202340_1610612765_2017-18","1610612765","2017","00","Avery Bradley","22","G","6-2","180","NOV 26, 1990","27.0","7","Texas","202340","2017-18","2018-01-29T06:32:35.042"
"202344_1610612754_2017-18","1610612754","2017","00","Trevor Booker","20","F","6-8","228","NOV 25, 1987","30.0","7","Clemson","202344","2017-18","2018-04-13T22:39:11.529"
"202344_1610612755_2017-18","1610612755","2017","00","Trevor Booker","35","F","6-8","228","NOV 25, 1987","30.0","7","Clemson","202344","2017-18","2018-02-14T04:58:03.217"
"202347_1610612741_2017-18","1610612741","2017","00","Quincy Pondexter","20","G","6-7","225","MAR 10, 1988","29.0","5","Washington","202347","2017-18","2018-01-29T06:32:35.042"
"202348_1610612740_2017-18","1610612740","2017","00","Jordan Crawford","27","G","6-5","195","OCT 23, 1988","29.0","5","Xavier","202348","2017-18","2018-04-13T22:39:11.529"
"202355_1610612748_2017-18","1610612748","2017","00","Hassan Whiteside","21","C","7-0","265","JUN 13, 1989","28.0","5","Marshall","202355","2017-18","2018-04-13T22:39:11.529"
"202357_1610612750_2017-18","1610612750","2017","00","Nemanja Bjelica","8","F","6-10","230","MAY 09, 1988","29.0","2","","202357","2017-18","2018-04-13T22:39:11.529"
"202362_1610612754_2017-18","1610612754","2017","00","Lance Stephenson","1","G","6-6","230","SEP 05, 1990","27.0","7","Cincinnati","202362","2017-18","2018-04-13T22:39:11.529"
"202379_1610612737_2017-18","1610612737","2017","00","Jeremy Evans","6","F","6-9","200","OCT 24, 1987","30.0","6","Western Kentucky","202379","2017-18","2018-04-13T22:39:11.529"
"202389_1610612751_2017-18","1610612751","2017","00","Timofey Mozgov","20","C","7-1","275","JUL 16, 1986","31.0","7","St. Petersburg, Russia","202389","2017-18","2018-04-13T22:39:11.529"
"202391_1610612751_2017-18","1610612751","2017","00","Jeremy Lin","7","G","6-3","200","AUG 23, 1988","29.0","7","Harvard","202391","2017-18","2018-04-13T22:39:11.529"
"202397_1610612765_2017-18","1610612765","2017","00","Ish Smith","14","G","6-0","175","JUL 05, 1988","29.0","7","Wake Forest","202397","2017-18","2018-04-13T22:39:11.529"
"202498_1610612752_2017-18","1610612752","2017","00","Lance Thomas","42","F","6-8","235","APR 24, 1988","29.0","6","Duke","202498","2017-18","2018-04-13T22:39:11.529"
"202681_1610612738_2017-18","1610612738","2017","00","Kyrie Irving","11","G","6-3","193","MAR 23, 1992","26.0","6","Duke","202681","2017-18","2018-04-13T22:39:11.529"
"202682_1610612747_2017-18","1610612747","2017","00","Derrick Williams","6","F","6-8","240","MAY 25, 1991","26.0","6","Arizona","202682","2017-18","2018-03-19T14:36:33.05"
"202683_1610612752_2017-18","1610612752","2017","00","Enes Kanter","00","C","6-11","245","MAY 20, 1992","25.0","6","Kentucky","202683","2017-18","2018-04-13T22:39:11.529"
"202684_1610612739_2017-18","1610612739","2017","00","Tristan Thompson","13","C-F","6-9","238","MAR 13, 1991","27.0","6","Texas","202684","2017-18","2018-04-13T22:39:11.529"
"202685_1610612761_2017-18","1610612761","2017","00","Jonas Valanciunas","17","C","7-0","255","MAY 06, 1992","25.0","5","Utena, Lithuania","202685","2017-18","2018-04-13T22:39:11.529"
"202687_1610612753_2017-18","1610612753","2017","00","Bismack Biyombo","11","C","6-9","255","AUG 28, 1992","25.0","6","Lubumbashi, DR Congo","202687","2017-18","2018-04-13T22:39:11.529"
"202688_1610612756_2017-18","1610612756","2017","00","Brandon Knight","11","G","6-3","195","DEC 02, 1991","26.0","6","Kentucky","202688","2017-18","2018-04-13T22:39:11.529"
"202689_1610612766_2017-18","1610612766","2017","00","Kemba Walker","15","G","6-1","184","MAY 08, 1990","27.0","6","Connecticut","202689","2017-18","2018-04-13T22:39:11.529"
"202691_1610612744_2017-18","1610612744","2017","00","Klay Thompson","11","G","6-7","215","FEB 08, 1990","28.0","6","Washington State","202691","2017-18","2018-04-13T22:39:11.529"
"202692_1610612762_2017-18","1610612762","2017","00","Alec Burks","10","G","6-6","214","JUL 20, 1991","26.0","6","Colorado","202692","2017-18","2018-04-13T22:39:11.529"
"202693_1610612764_2017-18","1610612764","2017","00","Markieff Morris","5","F","6-10","245","SEP 02, 1989","28.0","6","Kansas","202693","2017-18","2018-04-13T22:39:11.529"
"202694_1610612738_2017-18","1610612738","2017","00","Marcus Morris","13","F","6-9","235","SEP 02, 1989","28.0","6","Kansas","202694","2017-18","2018-04-13T22:39:11.529"
"202695_1610612759_2017-18","1610612759","2017","00","Kawhi Leonard","2","F","6-7","230","JUN 29, 1991","26.0","6","San Diego State","202695","2017-18","2018-04-13T22:39:11.529"
"202696_1610612753_2017-18","1610612753","2017","00","Nikola Vucevic","9","C","7-0","260","OCT 24, 1990","27.0","6","Southern California","202696","2017-18","2018-04-13T22:39:11.529"
"202697_1610612739_2017-18","1610612739","2017","00","Iman Shumpert","4","G","6-5","220","JUN 26, 1990","27.0","6","Georgia Tech","202697","2017-18","2018-02-04T07:40:59.388"
"202697_1610612758_2017-18","1610612758","2017","00","Iman Shumpert","9","G","6-5","220","JUN 26, 1990","27.0","6","Georgia Tech","202697","2017-18","2018-04-13T22:39:11.529"
"202699_1610612746_2017-18","1610612746","2017","00","Tobias Harris","34","F","6-9","235","JUL 15, 1992","25.0","6","Tennessee","202699","2017-18","2018-04-13T22:39:11.529"
"202699_1610612765_2017-18","1610612765","2017","00","Tobias Harris","34","F","6-9","235","JUL 15, 1992","25.0","6","Tennessee","202699","2017-18","2018-01-29T06:32:35.042"
"202702_1610612743_2017-18","1610612743","2017","00","Kenneth Faried","35","F","6-8","228","NOV 19, 1989","28.0","6","Morehead State","202702","2017-18","2018-04-13T22:39:11.529"
"202703_1610612740_2017-18","1610612740","2017","00","Nikola Mirotic","3","F","6-10","238","FEB 11, 1991","27.0","3","","202703","2017-18","2018-04-13T22:39:11.529"
"202703_1610612741_2017-18","1610612741","2017","00","Nikola Mirotic","44","F","6-10","238","FEB 11, 1991","26.0","3","","202703","2017-18","2018-01-29T06:32:35.042"
"202704_1610612765_2017-18","1610612765","2017","00","Reggie Jackson","1","G","6-3","208","APR 16, 1990","27.0","6","Boston College","202704","2017-18","2018-04-13T22:39:11.529"
"202705_1610612763_2017-18","1610612763","2017","00","MarShon Brooks","8","G-F","6-5","200","JAN 26, 1989","29.0","3","Providence","202705","2017-18","2018-04-13T22:39:11.529"
"202709_1610612754_2017-18","1610612754","2017","00","Cory Joseph","6","G","6-3","190","AUG 20, 1991","26.0","6","Texas","202709","2017-18","2018-04-13T22:39:11.529"
"202710_1610612750_2017-18","1610612750","2017","00","Jimmy Butler","23","G","6-8","236","SEP 14, 1989","28.0","6","Marquette","202710","2017-18","2018-04-13T22:39:11.529"
"202711_1610612754_2017-18","1610612754","2017","00","Bojan Bogdanovic","44","F","6-8","230","APR 18, 1989","28.0","3","","202711","2017-18","2018-04-13T22:39:11.529"
"202713_1610612760_2017-18","1610612760","2017","00","Kyle Singler","15","F","6-8","228","MAY 04, 1988","29.0","5","Duke","202713","2017-18","2018-04-13T22:39:11.529"
"202714_1610612753_2017-18","1610612753","2017","00","Shelvin Mack","7","G","6-3","203","APR 22, 1990","27.0","6","Butler","202714","2017-18","2018-04-13T22:39:11.529"
"202718_1610612763_2017-18","1610612763","2017","00","Chandler Parsons","25","F","6-10","230","OCT 25, 1988","29.0","6","Florida","202718","2017-18","2018-04-13T22:39:11.529"
"202720_1610612765_2017-18","1610612765","2017","00","Jon Leuer","30","F-C","6-10","228","MAY 14, 1989","28.0","6","Wisconsin","202720","2017-18","2018-04-13T22:39:11.529"
"202722_1610612759_2017-18","1610612759","2017","00","Davis Bertans","42","C-F","6-10","210","NOV 12, 1992","25.0","1","","202722","2017-18","2018-04-13T22:39:11.529"
"202732_1610612740_2017-18","1610612740","2017","00","DeAndre Liggins","34","G","6-6","209","MAR 31, 1988","30.0","4","Kentucky","202732","2017-18","2018-04-13T22:39:11.529"
"202732_1610612749_2017-18","1610612749","2017","00","DeAndre Liggins","25","G","6-6","209","MAR 31, 1988","29.0","4","Kentucky","202732","2017-18","2018-01-03T15:59:32.473"
"202734_1610612740_2017-18","1610612740","2017","00","ETwaun Moore","55","F-G","6-4","191","FEB 25, 1989","29.0","6","Purdue","202734","2017-18","2018-04-13T22:39:11.529"
"202738_1610612739_2017-18","1610612739","2017","00","Isaiah Thomas","3","G","5-9","185","FEB 07, 1989","28.0","6","Washington","202738","2017-18","2018-02-04T07:40:59.388"
"202738_1610612747_2017-18","1610612747","2017","00","Isaiah Thomas","3","G","5-9","185","FEB 07, 1989","29.0","6","Washington","202738","2017-18","2018-04-13T22:39:11.529"
"202779_1610612765_2017-18","1610612765","2017","00","Dwight Buycks","20","G","6-3","190","MAR 06, 1989","29.0","2","Marquette","202779","2017-18","2018-04-13T22:39:11.529"
"202918_1610612738_2017-18","1610612738","2017","00","Xavier Silas","9","G","6-5","205","JAN 22, 1988","30.0","1","Northern Illinois","202918","2017-18","2018-04-13T22:39:11.529"
"202933_1610612766_2017-18","1610612766","2017","00","Julyan Stone","32","G","6-6","200","DEC 07, 1988","29.0","3","Texas-El Paso","202933","2017-18","2018-04-13T22:39:11.529"
"203076_1610612740_2017-18","1610612740","2017","00","Anthony Davis","23","F-C","6-10","253","MAR 11, 1993","25.0","5","Kentucky","203076","2017-18","2018-04-13T22:39:11.529"
"203077_1610612766_2017-18","1610612766","2017","00","Michael Kidd-Gilchrist","14","F","6-7","232","SEP 26, 1993","24.0","5","Kentucky","203077","2017-18","2018-04-13T22:39:11.529"
"203078_1610612764_2017-18","1610612764","2017","00","Bradley Beal","3","G","6-5","207","JUN 28, 1993","24.0","5","Florida","203078","2017-18","2018-04-13T22:39:11.529"
"203079_1610612748_2017-18","1610612748","2017","00","Dion Waiters","11","G","6-4","215","DEC 10, 1991","26.0","5","Syracuse","203079","2017-18","2018-04-13T22:39:11.529"
"203081_1610612757_2017-18","1610612757","2017","00","Damian Lillard","0","G","6-3","195","JUL 15, 1990","27.0","5","Weber State","203081","2017-18","2018-04-13T22:39:11.529"
"203082_1610612753_2017-18","1610612753","2017","00","Terrence Ross","31","G-F","6-7","206","FEB 05, 1991","27.0","5","Washington","203082","2017-18","2018-04-13T22:39:11.529"
"203083_1610612765_2017-18","1610612765","2017","00","Andre Drummond","0","C","6-11","279","AUG 10, 1993","24.0","5","Connecticut","203083","2017-18","2018-04-13T22:39:11.529"
"203084_1610612742_2017-18","1610612742","2017","00","Harrison Barnes","40","F","6-8","225","MAY 30, 1992","25.0","5","North Carolina","203084","2017-18","2018-04-13T22:39:11.529"
"203085_1610612746_2017-18","1610612746","2017","00","Austin Rivers","25","G","6-4","200","AUG 01, 1992","25.0","5","Duke","203085","2017-18","2018-04-13T22:39:11.529"
"203086_1610612757_2017-18","1610612757","2017","00","Meyers Leonard","11","C","7-1","255","FEB 27, 1992","26.0","5","Illinois","203086","2017-18","2018-04-13T22:39:11.529"
"203087_1610612766_2017-18","1610612766","2017","00","Jeremy Lamb","3","G","6-5","185","MAY 30, 1992","25.0","5","Connecticut","203087","2017-18","2018-04-13T22:39:11.529"
"203089_1610612749_2017-18","1610612749","2017","00","John Henson","31","C","6-11","229","DEC 28, 1990","27.0","5","North Carolina","203089","2017-18","2018-04-13T22:39:11.529"
"203090_1610612757_2017-18","1610612757","2017","00","Maurice Harkless","4","F","6-9","220","MAY 11, 1993","24.0","5","St. Johns (NY)","203090","2017-18","2018-04-13T22:39:11.529"
"203092_1610612749_2017-18","1610612749","2017","00","Tyler Zeller","44","C","7-0","250","JAN 17, 1990","28.0","5","North Carolina","203092","2017-18","2018-04-13T22:39:11.529"
"203092_1610612751_2017-18","1610612751","2017","00","Tyler Zeller","44","C","7-0","250","JAN 17, 1990","28.0","5","North Carolina","203092","2017-18","2018-02-04T07:40:59.388"
"203095_1610612753_2017-18","1610612753","2017","00","Evan Fournier","10","G-F","6-7","205","OCT 29, 1992","25.0","5","France","203095","2017-18","2018-04-13T22:39:11.529"
"203101_1610612737_2017-18","1610612737","2017","00","Miles Plumlee","18","C","6-11","249","SEP 01, 1988","29.0","5","Duke","203101","2017-18","2018-04-13T22:39:11.529"
"203104_1610612763_2017-18","1610612763","2017","00","Marquis Teague","20","G","6-2","189","FEB 28, 1993","25.0","2","Kentucky","203104","2017-18","2018-04-13T22:39:11.529"
"203107_1610612764_2017-18","1610612764","2017","00","Tomas Satoransky","31","G-F","6-7","210","OCT 30, 1991","26.0","1","","203107","2017-18","2018-04-13T22:39:11.529"
"203109_1610612739_2017-18","1610612739","2017","00","Jae Crowder","99","F","6-6","235","JUL 06, 1990","27.0","5","Marquette","203109","2017-18","2018-02-04T07:40:59.388"
"203109_1610612762_2017-18","1610612762","2017","00","Jae Crowder","99","F","6-6","235","JUL 06, 1990","27.0","5","Marquette","203109","2017-18","2018-04-13T22:39:11.529"
"203110_1610612744_2017-18","1610612744","2017","00","Draymond Green","23","F","6-7","230","MAR 04, 1990","28.0","5","Michigan State","203110","2017-18","2018-04-13T22:39:11.529"
"203112_1610612751_2017-18","1610612751","2017","00","Quincy Acy","13","F","6-7","240","OCT 06, 1990","27.0","5","Baylor","203112","2017-18","2018-04-13T22:39:11.529"
"203114_1610612749_2017-18","1610612749","2017","00","Khris Middleton","22","F","6-8","234","AUG 12, 1991","26.0","5","Texas A&M","203114","2017-18","2018-04-13T22:39:11.529"
"203115_1610612743_2017-18","1610612743","2017","00","Will Barton","5","F-G","6-6","190","JAN 06, 1991","27.0","5","Memphis","203115","2017-18","2018-04-13T22:39:11.529"
"203118_1610612764_2017-18","1610612764","2017","00","Mike Scott","30","F","6-8","237","JUL 16, 1988","29.0","5","Virginia","203118","2017-18","2018-04-13T22:39:11.529"
"203121_1610612740_2017-18","1610612740","2017","00","Darius Miller","21","F","6-8","225","MAR 21, 1990","28.0","3","Kentucky","203121","2017-18","2018-04-13T22:39:11.529"
"203124_1610612752_2017-18","1610612752","2017","00","Kyle OQuinn","9","C-F","6-10","250","MAR 26, 1990","28.0","5","Norfolk State","203124","2017-18","2018-04-13T22:39:11.529"
"203141_1610612749_2017-18","1610612749","2017","00","Mirza Teletovic","35","F","6-9","242","SEP 17, 1985","32.0","5","Bosnia","203141","2017-18","2018-03-12T00:47:38.694"
"203145_1610612737_2017-18","1610612737","2017","00","Kent Bazemore","24","G","6-5","201","JUL 01, 1989","28.0","5","Old Dominion","203145","2017-18","2018-04-13T22:39:11.529"
"203186_1610612746_2017-18","1610612746","2017","00","Willie Reed","35","C","6-11","245","MAY 16, 1990","27.0","2","Saint Louis","203186","2017-18","2018-01-29T06:32:35.042"
"203186_1610612765_2017-18","1610612765","2017","00","Willie Reed","33","C","6-11","245","MAY 16, 1990","27.0","2","Saint Louis","203186","2017-18","2018-02-04T07:40:59.388"
"203200_1610612741_2017-18","1610612741","2017","00","Justin Holiday","7","G","6-6","185","APR 05, 1989","29.0","4","Washington","203200","2017-18","2018-04-13T22:39:11.529"
"203210_1610612763_2017-18","1610612763","2017","00","JaMychal Green","0","F","6-9","227","JUN 21, 1990","27.0","3","Alabama","203210","2017-18","2018-04-13T22:39:11.529"
"203382_1610612738_2017-18","1610612738","2017","00","Aron Baynes","46","C","6-10","260","DEC 09, 1986","31.0","5","Washington State","203382","2017-18","2018-04-13T22:39:11.529"
"203457_1610612742_2017-18","1610612742","2017","00","Nerlens Noel","3","C","6-11","220","APR 10, 1994","24.0","3","Kentucky","203457","2017-18","2018-04-13T22:39:11.529"
"203458_1610612756_2017-18","1610612756","2017","00","Alex Len","21","C","7-1","250","JUN 16, 1993","24.0","4","Maryland","203458","2017-18","2018-04-13T22:39:11.529"
"203459_1610612751_2017-18","1610612751","2017","00","Allen Crabbe","33","G-F","6-6","215","APR 09, 1992","26.0","4","California","203459","2017-18","2018-04-13T22:39:11.529"
"203460_1610612760_2017-18","1610612760","2017","00","Andre Roberson","21","G","6-7","210","DEC 04, 1991","26.0","4","Colorado","203460","2017-18","2018-04-13T22:39:11.529"
"203463_1610612763_2017-18","1610612763","2017","00","Ben McLemore","23","G","6-5","195","FEB 11, 1993","25.0","4","Kansas","203463","2017-18","2018-04-13T22:39:11.529"
"203464_1610612759_2017-18","1610612759","2017","00","Brandon Paul","3","G","6-4","200","APR 30, 1991","26.0","R","","203464","2017-18","2018-04-13T22:39:11.529"
"203468_1610612757_2017-18","1610612757","2017","00","CJ McCollum","3","G","6-3","190","SEP 19, 1991","26.0","4","Lehigh","203468","2017-18","2018-04-13T22:39:11.529"
"203469_1610612766_2017-18","1610612766","2017","00","Cody Zeller","40","C-F","7-0","240","OCT 05, 1992","25.0","4","Indiana","203469","2017-18","2018-04-13T22:39:11.529"
"203471_1610612737_2017-18","1610612737","2017","00","Dennis Schroder","17","G","6-1","172","SEP 15, 1993","24.0","4","Germany","203471","2017-18","2018-04-13T22:39:11.529"
"203473_1610612737_2017-18","1610612737","2017","00","Dewayne Dedmon","14","C","7-0","245","AUG 12, 1989","28.0","4","Southern California","203473","2017-18","2018-04-13T22:39:11.529"
"203476_1610612750_2017-18","1610612750","2017","00","Gorgui Dieng","5","C","6-11","251","JAN 18, 1990","28.0","4","Louisville","203476","2017-18","2018-04-13T22:39:11.529"
"203477_1610612756_2017-18","1610612756","2017","00","Isaiah Canaan","2","G","6-0","201","MAY 21, 1991","26.0","4","Murray State","203477","2017-18","2018-02-04T07:40:59.388"
"203482_1610612748_2017-18","1610612748","2017","00","Kelly Olynyk","9","F-C","7-0","245","APR 19, 1991","26.0","4","Gonzaga","203482","2017-18","2018-04-13T22:39:11.529"
"203484_1610612747_2017-18","1610612747","2017","00","Kentavious Caldwell-Pope","1","G","6-5","205","FEB 18, 1993","25.0","4","Georgia","203484","2017-18","2018-04-13T22:39:11.529"
"203485_1610612761_2017-18","1610612761","2017","00","Lorenzo Brown","4","G","6-5","189","AUG 26, 1990","27.0","3","North Carolina State","203485","2017-18","2018-04-13T22:39:11.529"
"203486_1610612743_2017-18","1610612743","2017","00","Mason Plumlee","24","C-F","6-11","255","MAR 05, 1990","28.0","4","Duke","203486","2017-18","2018-04-13T22:39:11.529"
"203487_1610612766_2017-18","1610612766","2017","00","Michael Carter-Williams","10","G","6-6","190","OCT 10, 1991","26.0","4","Syracuse","203487","2017-18","2018-04-13T22:39:11.529"
"203488_1610612737_2017-18","1610612737","2017","00","Mike Muscala","31","F-C","6-11","240","JUL 01, 1991","26.0","4","Bucknell","203488","2017-18","2018-04-13T22:39:11.529"
"203489_1610612762_2017-18","1610612762","2017","00","Nate Wolters","16","G","6-4","190","MAY 15, 1991","26.0","2","South Dakota State","203489","2017-18","2018-01-03T15:59:32.473"
"203490_1610612764_2017-18","1610612764","2017","00","Otto Porter Jr.","22","F","6-8","198","JUN 03, 1993","24.0","4","Georgetown","203490","2017-18","2018-04-13T22:39:11.529"
"203493_1610612765_2017-18","1610612765","2017","00","Reggie Bullock","25","G-F","6-7","205","MAR 16, 1991","27.0","4","North Carolina","203493","2017-18","2018-04-13T22:39:11.529"
"203496_1610612755_2017-18","1610612755","2017","00","Robert Covington","33","F","6-9","225","DEC 14, 1990","27.0","4","Tennessee State","203496","2017-18","2018-04-13T22:39:11.529"
"203497_1610612762_2017-18","1610612762","2017","00","Rudy Gobert","27","C","7-1","245","JUN 26, 1992","25.0","4","France","203497","2017-18","2018-04-13T22:39:11.529"
"203498_1610612749_2017-18","1610612749","2017","00","Shabazz Muhammad","15","G-F","6-6","221","NOV 13, 1992","25.0","4","UCLA","203498","2017-18","2018-04-13T22:39:11.529"
"203498_1610612750_2017-18","1610612750","2017","00","Shabazz Muhammad","15","G-F","6-6","221","NOV 13, 1992","25.0","4","UCLA","203498","2017-18","2018-02-14T04:58:03.217"
"203499_1610612738_2017-18","1610612738","2017","00","Shane Larkin","8","G","5-11","175","OCT 02, 1992","25.0","3","Miami (FL)","203499","2017-18","2018-04-13T22:39:11.529"
"203500_1610612760_2017-18","1610612760","2017","00","Steven Adams","12","C","7-0","255","JUL 20, 1993","24.0","4","Pittsburgh","203500","2017-18","2018-04-13T22:39:11.529"
"203501_1610612752_2017-18","1610612752","2017","00","Tim Hardaway Jr.","3","F-G","6-6","205","MAR 16, 1992","26.0","4","Michigan","203501","2017-18","2018-04-13T22:39:11.529"
"203503_1610612749_2017-18","1610612749","2017","00","Tony Snell","21","G","6-7","221","NOV 10, 1991","26.0","4","New Mexico","203503","2017-18","2018-04-13T22:39:11.529"
"203504_1610612752_2017-18","1610612752","2017","00","Trey Burke","23","G","6-1","191","NOV 12, 1992","25.0","4","Michigan","203504","2017-18","2018-04-13T22:39:11.529"
"203505_1610612747_2017-18","1610612747","2017","00","Vander Blue","17","G","6-5","200","JUL 17, 1992","25.0","2","Marquette","203505","2017-18","2018-01-12T15:00:35.667"
"203506_1610612754_2017-18","1610612754","2017","00","Victor Oladipo","4","G","6-4","210","MAY 04, 1992","25.0","4","Indiana","203506","2017-18","2018-04-13T22:39:11.529"
"203507_1610612749_2017-18","1610612749","2017","00","Giannis Antetokounmpo","34","F","6-11","222","DEC 06, 1994","23.0","4","Greece","203507","2017-18","2018-04-13T22:39:11.529"
"203512_1610612761_2017-18","1610612761","2017","00","Lucas Nogueira","92","C","7-0","220","JUL 26, 1992","25.0","3","","203512","2017-18","2018-04-13T22:39:11.529"
"203516_1610612763_2017-18","1610612763","2017","00","James Ennis III","8","F","6-7","210","JUL 01, 1990","27.0","3","Long Beach State","203516","2017-18","2018-02-04T07:40:59.388"
"203516_1610612765_2017-18","1610612765","2017","00","James Ennis III","33","F","6-7","210","JUL 01, 1990","27.0","3","Long Beach State","203516","2017-18","2018-04-13T22:39:11.529"
"203518_1610612760_2017-18","1610612760","2017","00","Alex Abrines","8","G","6-6","190","AUG 01, 1993","24.0","1","","203518","2017-18","2018-04-13T22:39:11.529"
"203521_1610612749_2017-18","1610612749","2017","00","Matthew Dellavedova","8","G","6-4","198","SEP 08, 1990","27.0","4","Saint Marys (CA)","203521","2017-18","2018-04-13T22:39:11.529"
"203524_1610612740_2017-18","1610612740","2017","00","Solomon Hill","44","F","6-7","225","MAR 18, 1991","27.0","4","Arizona","203524","2017-18","2018-04-13T22:39:11.529"
"203526_1610612762_2017-18","1610612762","2017","00","Raul Neto","25","G","6-1","179","MAY 19, 1992","25.0","2","","203526","2017-18","2018-04-13T22:39:11.529"
"203530_1610612759_2017-18","1610612759","2017","00","Joffrey Lauvergne","77","C","6-11","260","SEP 30, 1991","26.0","3","","203530","2017-18","2018-04-13T22:39:11.529"
"203546_1610612740_2017-18","1610612740","2017","00","Ian Clark","2","G","6-3","175","MAR 07, 1991","27.0","4","Belmont","203546","2017-18","2018-04-13T22:39:11.529"
"203547_1610612762_2017-18","1610612762","2017","00","Eric Griffin","17","C-F","6-8","205","MAY 26, 1990","27.0","R","Campbell","203547","2017-18","2018-01-03T15:59:32.473"
"203552_1610612742_2017-18","1610612742","2017","00","Seth Curry","30","G","6-2","185","AUG 23, 1990","27.0","4","Duke","203552","2017-18","2018-04-13T22:39:11.529"
"203580_1610612740_2017-18","1610612740","2017","00","Larry Drew II","1","G","6-2","180","MAR 05, 1990","28.0","1","UCLA","203580","2017-18","2018-04-13T22:39:11.529"
"203580_1610612755_2017-18","1610612755","2017","00","Larry Drew II","27","G","6-2","180","MAR 05, 1990","27.0","1","UCLA","203580","2017-18","2018-02-04T07:40:59.388"
"203584_1610612756_2017-18","1610612756","2017","00","Troy Daniels","30","G","6-4","205","JUL 15, 1991","26.0","4","Virginia Commonwealth","203584","2017-18","2018-04-13T22:39:11.529"
"203585_1610612748_2017-18","1610612748","2017","00","Rodney McGruder","17","G-F","6-4","200","JUL 29, 1991","26.0","1","Kansas State","203585","2017-18","2018-04-13T22:39:11.529"
"203613_1610612753_2017-18","1610612753","2017","00","Jonathon Simmons","17","F","6-6","195","SEP 14, 1989","28.0","2","Houston","203613","2017-18","2018-04-13T22:39:11.529"
"203687_1610612765_2017-18","1610612765","2017","00","Reggie Hearn","38","G","6-5","210","AUG 14, 1991","26.0","R","Northwestern","203687","2017-18","2018-04-13T22:39:11.529"
"203705_1610612737_2017-18","1610612737","2017","00","Josh Magette","11","G","6-1","160","NOV 28, 1989","28.0","R","Alabama-Huntsville","203705","2017-18","2018-04-13T22:39:11.529"
"203710_1610612746_2017-18","1610612746","2017","00","C.J. Williams","9","F-G","6-5","230","FEB 06, 1990","28.0","R","North Carolina State","203710","2017-18","2018-04-13T22:39:11.529"
"2037_1610612750_2017-18","1610612750","2017","00","Jamal Crawford","11","G","6-5","185","MAR 20, 1980","38.0","17","Michigan","2037","2017-18","2018-04-13T22:39:11.529"
"203816_1610612742_2017-18","1610612742","2017","00","Scotty Hopson","32","G","6-7","204","AUG 08, 1989","28.0","1","Tennessee","203816","2017-18","2018-03-12T00:47:38.694"
"203894_1610612757_2017-18","1610612757","2017","00","Shabazz Napier","6","G","6-1","175","JUL 14, 1991","26.0","3","Connecticut","203894","2017-18","2018-04-13T22:39:11.529"
"203897_1610612741_2017-18","1610612741","2017","00","Zach LaVine","8","G","6-5","185","MAR 10, 1995","23.0","3","UCLA","203897","2017-18","2018-04-13T22:39:11.529"
"203898_1610612747_2017-18","1610612747","2017","00","Tyler Ennis","10","G","6-3","194","AUG 24, 1994","23.0","3","Syracuse","203898","2017-18","2018-04-13T22:39:11.529"
"203900_1610612745_2017-18","1610612745","2017","00","Markel Brown","26","G","6-3","190","JAN 29, 1992","26.0","2","Oklahoma State","203900","2017-18","2018-04-13T22:39:11.529"
"203901_1610612753_2017-18","1610612753","2017","00","Elfrid Payton","2","G","6-4","185","FEB 22, 1994","23.0","3","Louisiana-Lafayette","203901","2017-18","2018-02-04T07:40:59.388"
"203901_1610612756_2017-18","1610612756","2017","00","Elfrid Payton","2","G","6-4","185","FEB 22, 1994","24.0","3","Louisiana-Lafayette","203901","2017-18","2018-04-13T22:39:11.529"
"203903_1610612739_2017-18","1610612739","2017","00","Jordan Clarkson","8","G","6-5","194","JUN 07, 1992","25.0","3","Missouri","203903","2017-18","2018-04-13T22:39:11.529"
"203903_1610612747_2017-18","1610612747","2017","00","Jordan Clarkson","6","G","6-5","194","JUN 07, 1992","25.0","3","Missouri","203903","2017-18","2018-02-04T07:40:59.388"
"203912_1610612757_2017-18","1610612757","2017","00","CJ Wilcox","23","G","6-5","195","DEC 30, 1990","27.0","3","Washington","203912","2017-18","2018-04-13T22:39:11.529"
"203914_1610612743_2017-18","1610612743","2017","00","Gary Harris","14","G","6-4","210","SEP 14, 1994","23.0","3","Michigan State","203914","2017-18","2018-04-13T22:39:11.529"
"203915_1610612751_2017-18","1610612751","2017","00","Spencer Dinwiddie","8","G","6-6","200","APR 06, 1993","25.0","3","Colorado","203915","2017-18","2018-04-13T22:39:11.529"
"203917_1610612751_2017-18","1610612751","2017","00","Nik Stauskas","2","G","6-6","205","OCT 07, 1993","24.0","3","Michigan","203917","2017-18","2018-04-13T22:39:11.529"
"203918_1610612739_2017-18","1610612739","2017","00","Rodney Hood","1","G","6-8","206","OCT 20, 1992","25.0","3","Duke","203918","2017-18","2018-04-13T22:39:11.529"
"203918_1610612762_2017-18","1610612762","2017","00","Rodney Hood","5","G","6-8","206","OCT 20, 1992","25.0","3","Duke","203918","2017-18","2018-02-04T07:40:59.388"
"203920_1610612753_2017-18","1610612753","2017","00","Khem Birch","24","C","6-9","220","SEP 28, 1992","25.0","R","Nevada-Las Vegas","203920","2017-18","2018-04-13T22:39:11.529"
"203922_1610612754_2017-18","1610612754","2017","00","Glenn Robinson III","40","G-F","6-7","215","JAN 08, 1994","24.0","3","Michigan","203922","2017-18","2018-04-13T22:39:11.529"
"203923_1610612755_2017-18","1610612755","2017","00","James Young","8","G-F","6-6","215","AUG 16, 1995","22.0","3","Kentucky","203923","2017-18","2018-03-19T14:36:33.05"
"203924_1610612760_2017-18","1610612760","2017","00","Jerami Grant","9","F","6-9","220","MAR 12, 1994","24.0","3","Syracuse","203924","2017-18","2018-04-13T22:39:11.529"
"203925_1610612751_2017-18","1610612751","2017","00","Joe Harris","12","F-G","6-6","219","SEP 06, 1991","26.0","3","Virginia","203925","2017-18","2018-04-13T22:39:11.529"
"203926_1610612742_2017-18","1610612742","2017","00","Doug McDermott","20","F","6-8","219","JAN 03, 1992","26.0","3","Creighton","203926","2017-18","2018-04-13T22:39:11.529"
"203926_1610612752_2017-18","1610612752","2017","00","Doug McDermott","20","F","6-8","219","JAN 03, 1992","26.0","3","Creighton","203926","2017-18","2018-02-04T07:40:59.388"
"203930_1610612741_2017-18","1610612741","2017","00","Sean Kilpatrick","0","G","6-4","212","JAN 06, 1990","28.0","3","Cincinnati","203930","2017-18","2018-04-13T22:39:11.529"
"203930_1610612746_2017-18","1610612746","2017","00","Sean Kilpatrick","2","G","6-4","212","JAN 06, 1990","28.0","3","Cincinnati","203930","2017-18","2018-03-19T14:36:33.05"
"203930_1610612749_2017-18","1610612749","2017","00","Sean Kilpatrick","9","G","6-4","212","JAN 06, 1990","28.0","3","Cincinnati","203930","2017-18","2018-02-14T04:58:03.217"
"203932_1610612753_2017-18","1610612753","2017","00","Aaron Gordon","00","F","6-9","220","SEP 16, 1995","22.0","3","Arizona","203932","2017-18","2018-04-13T22:39:11.529"
"203933_1610612756_2017-18","1610612756","2017","00","TJ Warren","12","F","6-8","215","SEP 05, 1993","24.0","3","North Carolina State","203933","2017-18","2018-04-13T22:39:11.529"
"203935_1610612738_2017-18","1610612738","2017","00","Marcus Smart","36","G","6-4","220","MAR 06, 1994","24.0","3","Oklahoma State","203935","2017-18","2018-04-13T22:39:11.529"
"203937_1610612759_2017-18","1610612759","2017","00","Kyle Anderson","1","F","6-9","230","SEP 20, 1993","24.0","3","UCLA","203937","2017-18","2018-04-13T22:39:11.529"
"203939_1610612742_2017-18","1610612742","2017","00","Dwight Powell","7","C-F","6-11","240","JUL 20, 1991","26.0","3","Stanford","203939","2017-18","2018-04-13T22:39:11.529"
"203940_1610612753_2017-18","1610612753","2017","00","Adreian Payne","33","F","6-10","237","FEB 19, 1991","26.0","3","Michigan State","203940","2017-18","2018-01-29T06:32:35.042"
"203943_1610612741_2017-18","1610612741","2017","00","Noah Vonleh","30","F","6-9","245","AUG 24, 1995","22.0","3","Indiana","203943","2017-18","2018-04-13T22:39:11.529"
"203943_1610612757_2017-18","1610612757","2017","00","Noah Vonleh","21","F","6-9","245","AUG 24, 1995","22.0","3","Indiana","203943","2017-18","2018-02-04T07:40:59.388"
"203944_1610612747_2017-18","1610612747","2017","00","Julius Randle","30","F-C","6-9","250","NOV 29, 1994","23.0","3","Kentucky","203944","2017-18","2018-04-13T22:39:11.529"
"203948_1610612766_2017-18","1610612766","2017","00","Johnny OBryant III","8","F","6-9","257","JUN 01, 1993","24.0","3","Louisiana State","203948","2017-18","2018-02-04T07:40:59.388"
"203949_1610612755_2017-18","1610612755","2017","00","James Michael McAdoo","14","F","6-9","230","JAN 04, 1993","25.0","3","North Carolina","203949","2017-18","2018-01-15T12:01:23.04"
"203952_1610612750_2017-18","1610612750","2017","00","Andrew Wiggins","22","F","6-8","202","FEB 23, 1995","23.0","3","Kansas","203952","2017-18","2018-04-13T22:39:11.529"
"203953_1610612749_2017-18","1610612749","2017","00","Jabari Parker","12","F","6-8","250","MAR 15, 1995","23.0","3","Duke","203953","2017-18","2018-04-13T22:39:11.529"
"203954_1610612755_2017-18","1610612755","2017","00","Joel Embiid","21","C","7-0","250","MAR 16, 1994","24.0","1","Kansas","203954","2017-18","2018-04-13T22:39:11.529"
"203957_1610612762_2017-18","1610612762","2017","00","Dante Exum","11","G","6-6","190","JUL 13, 1995","22.0","2","","203957","2017-18","2018-04-13T22:39:11.529"
"203960_1610612758_2017-18","1610612758","2017","00","JaKarr Sampson","29","F","6-9","207","MAR 20, 1993","25.0","2","St. Johns (NY)","203960","2017-18","2018-04-13T22:39:11.529"
"203961_1610612765_2017-18","1610612765","2017","00","Eric Moreland","24","F-C","6-10","238","DEC 24, 1991","26.0","2","Oregon State","203961","2017-18","2018-04-13T22:39:11.529"
"203962_1610612760_2017-18","1610612760","2017","00","Josh Huestis","34","G","6-7","230","DEC 19, 1991","26.0","2","Stanford","203962","2017-18","2018-04-13T22:39:11.529"
"203966_1610612746_2017-18","1610612746","2017","00","Jamil Wilson","13","F","6-7","229","NOV 21, 1990","27.0","R","Marquette","203966","2017-18","2018-01-03T15:59:32.473"
"203967_1610612755_2017-18","1610612755","2017","00","Dario Saric","9","F","6-10","223","APR 08, 1994","24.0","1","","203967","2017-18","2018-04-13T22:39:11.529"
"203991_1610612745_2017-18","1610612745","2017","00","Clint Capela","15","C","6-10","240","MAY 18, 1994","23.0","3","","203991","2017-18","2018-04-13T22:39:11.529"
"203992_1610612758_2017-18","1610612758","2017","00","Bogdan Bogdanovic","8","G","6-6","205","AUG 18, 1992","25.0","R","","203992","2017-18","2018-04-13T22:39:11.529"
"203994_1610612757_2017-18","1610612757","2017","00","Jusuf Nurkic","27","C","7-0","280","AUG 23, 1994","23.0","3","","203994","2017-18","2018-04-13T22:39:11.529"
"203998_1610612758_2017-18","1610612758","2017","00","Bruno Caboclo","22","F","6-9","205","SEP 21, 1995","22.0","3","","203998","2017-18","2018-04-13T22:39:11.529"
"203998_1610612761_2017-18","1610612761","2017","00","Bruno Caboclo","5","F","6-9","205","SEP 21, 1995","22.0","3","","203998","2017-18","2018-02-04T07:40:59.388"
"203999_1610612743_2017-18","1610612743","2017","00","Nikola Jokic","15","C","6-10","250","FEB 19, 1995","23.0","2","","203999","2017-18","2018-04-13T22:39:11.529"
"204001_1610612752_2017-18","1610612752","2017","00","Kristaps Porzingis","6","F-C","7-3","240","AUG 02, 1995","22.0","2","","204001","2017-18","2018-04-13T22:39:11.529"
"204020_1610612748_2017-18","1610612748","2017","00","Tyler Johnson","8","G","6-4","190","MAY 07, 1992","25.0","3","Fresno State","204020","2017-18","2018-04-13T22:39:11.529"
"204022_1610612758_2017-18","1610612758","2017","00","Jack Cooley","45","C","6-10","274","APR 12, 1991","27.0","1","Notre Dame","204022","2017-18","2018-04-13T22:39:11.529"
"204025_1610612764_2017-18","1610612764","2017","00","Tim Frazier","8","G","6-1","170","NOV 01, 1990","27.0","3","","204025","2017-18","2018-04-13T22:39:11.529"
"204028_1610612745_2017-18","1610612745","2017","00","Tarik Black","28","F-C","6-9","250","NOV 22, 1991","26.0","3","Kansas","204028","2017-18","2018-04-13T22:39:11.529"
"204037_1610612747_2017-18","1610612747","2017","00","Travis Wear","21","F","6-10","225","SEP 21, 1990","27.0","1","UCLA","204037","2017-18","2018-04-13T22:39:11.529"
"204038_1610612765_2017-18","1610612765","2017","00","Langston Galloway","9","G","6-2","200","DEC 09, 1991","26.0","3","Saint Josephs","204038","2017-18","2018-04-13T22:39:11.529"
"204060_1610612762_2017-18","1610612762","2017","00","Joe Ingles","2","F","6-8","226","OCT 02, 1987","30.0","3","","204060","2017-18","2018-04-13T22:39:11.529"
"204065_1610612762_2017-18","1610612762","2017","00","David Stockton","5","G","5-11","165",